Technique_ID,Technique_Name,Scenarios,Assets,Mi,Pi,Ci
T1021.007,Cloud Services,ABCD,Update server OnCloud / VDI AuthServer,[0.1],[0.36],[1.5]
T1059.009,Cloud API,ABCD,Business Server OnCloud / VDI Server,[0.1],[0.36],"[1.5, 2.0]"
T1078.004,Cloud Accounts,A,Management Console for Business Server OnCloud,[0.1],[0.72],[2.0]
T1189,Drive-by Compromise,C,Management Console for Business Server OnCloud,[0.1],[0.9],[2.0]
T1190,Exploit Public-Facing Application,B,VDI AuthServer,[0.46],[0.9],[1.5]
T1484.002,Trust Modification,ABCD,Business Server OnCloud / Update server OnCloud / VDI AuthServer / VDI Server,[0.1],[0.36],"[1.5, 2.0]"
T1486,Data Encrypted for Impact,ABCD,Business Server OnCloud / Proxy server OnCloud,[0.1],[0.9],[2.0]
T1496.001,Compute Hijacking,ABCD,Business Server OnCloud / Proxy server OnCloud,[0.28],[0.72],[2.0]
T1496.002,Bandwidth Hijacking,ABCD,Business Server OnCloud / Proxy server OnCloud,[0.28],[0.18],[2.0]
T1496.004,Cloud Service Hijacking,ABCD,Business Server OnCloud / Proxy server OnCloud,[0.28],[0.18],[2.0]
T1555.006,Cloud Secrets Management Stores,ABCD,Business Server OnCloud / VDI Server,[0.1],[0.36],"[1.5, 2.0]"
T1566.002,Spearphishing Link,D,DeskTop OnPremise,[0.46],[0.9],[1.35]
T1578.002,Create Cloud Instance,ABCD,Update server OnCloud / VDI AuthServer,[0.46],[0.36],[1.5]
T1578.004,Revert Cloud Instance,ABCD,Update server OnCloud / VDI AuthServer,[0.28],[0.18],[1.5]
T1651,Cloud Administration Command,ABCD,Business Server OnCloud / VDI Server,[0.1],[0.36],"[1.5, 2.0]"
