Technique_ID,Technique_Name,Freq_Group,Freq_Campaign,Freq_Software,Freq_Total,Freq_Total_Pct,Freq_BinScore,Pi
T1105,Ingress Tool Transfer,83,25,374,482,3.203,5,0.9
T1082,System Information Discovery,54,13,354,421,2.798,5,0.9
T1071.001,Web Protocols,55,18,317,390,2.592,5,0.9
T1059.003,Windows Command Shell,68,14,280,362,2.405,5,0.9
T1083,File and Directory Discovery,47,8,288,343,2.279,5,0.9
T1140,Deobfuscate/Decode Files or Information,36,11,256,303,2.013,5,0.9
T1057,Process Discovery,36,8,246,290,1.927,5,0.9
T1070.004,File Deletion,43,10,233,286,1.9,5,0.9
T1016,System Network Configuration Discovery,40,9,217,266,1.768,5,0.9
T1547.001,Registry Run Keys / Startup Folder,54,3,187,244,1.621,5,0.9
T1033,System Owner/User Discovery,37,6,177,220,1.462,5,0.9
T1059.001,PowerShell,79,15,120,214,1.422,5,0.9
T1005,Data from Local System,43,13,156,212,1.409,5,0.9
T1027.013,Encrypted/Encoded File,36,10,157,203,1.349,5,0.9
T1106,Native API,16,4,176,196,1.302,5,0.9
T1036.005,Match Legitimate Resource Name or Location,59,12,122,193,1.282,5,0.9
T1041,Exfiltration Over C2 Channel,22,8,150,180,1.196,5,0.9
T1204.002,Malicious File,83,11,83,177,1.176,5,0.9
T1053.005,Scheduled Task,52,11,108,171,1.136,5,0.9
T1573.001,Symmetric Cryptography,13,2,150,165,1.096,5,0.9
T1112,Modify Registry,28,4,132,164,1.09,5,0.9
T1113,Screen Capture,18,0,145,163,1.083,5,0.9
T1027,Obfuscated Files or Information,18,3,127,148,0.983,5,0.9
T1056.001,Keylogging,26,3,117,146,0.97,5,0.9
T1566.001,Spearphishing Attachment,77,9,54,140,0.93,5,0.9
T1047,Windows Management Instrumentation,38,10,86,134,0.89,5,0.9
T1543.003,Windows Service,25,4,102,131,0.87,5,0.9
T1518.001,Security Software Discovery,24,3,100,127,0.844,5,0.9
T1059.005,Visual Basic,44,15,67,126,0.837,5,0.9
T1132.001,Standard Encoding,11,1,107,119,0.791,5,0.9
T1074.001,Local Data Staging,26,10,82,118,0.784,5,0.9
T1012,Query Registry,18,1,95,114,0.758,5,0.9
T1218.011,Rundll32,24,8,69,101,0.671,5,0.9
T1562.001,Disable or Modify Tools,26,7,67,100,0.664,5,0.9
T1027.002,Software Packing,21,6,71,98,0.651,5,0.9
T1588.002,Tool,75,21,0,96,0.638,5,0.9
T1049,System Network Connections Discovery,32,3,61,96,0.638,5,0.9
T1095,Non-Application Layer Protocol,9,7,80,96,0.638,5,0.9
T1018,Remote System Discovery,37,8,50,95,0.631,5,0.9
T1574.001,DLL,32,3,57,92,0.611,5,0.9
T1573.002,Asymmetric Cryptography,10,5,71,86,0.571,5,0.9
T1036.004,Masquerade Task or Service,20,7,58,85,0.565,5,0.9
T1124,System Time Discovery,11,3,71,85,0.565,5,0.9
T1555.003,Credentials from Web Browsers,23,2,59,84,0.558,5,0.9
T1204.001,Malicious Link,46,8,27,81,0.538,5,0.9
T1055,Process Injection,14,5,60,79,0.525,5,0.9
T1566.002,Spearphishing Link,43,8,27,78,0.518,5,0.9
T1486,Data Encrypted for Impact,14,3,58,75,0.498,5,0.9
T1553.002,Code Signing,24,6,44,74,0.492,5,0.9
T1135,Network Share Discovery,15,4,54,73,0.485,5,0.9
T1560.001,Archive via Utility,36,10,27,73,0.485,5,0.9
T1003.001,LSASS Memory,39,6,25,70,0.465,5,0.9
T1046,Network Service Discovery,29,5,35,69,0.459,5,0.9
T1119,Automated Collection,20,4,44,68,0.452,5,0.9
T1569.002,Service Execution,14,3,50,67,0.445,5,0.9
T1497.001,System Checks,4,2,59,65,0.432,5,0.9
T1090,Proxy,14,6,45,65,0.432,5,0.9
T1190,Exploit Public-Facing Application,39,17,7,63,0.419,5,0.9
T1007,System Service Discovery,14,2,47,63,0.419,5,0.9
T1055.001,Dynamic-link Library Injection,9,1,53,63,0.419,5,0.9
T1021.002,SMB/Windows Admin Shares,26,8,29,63,0.419,5,0.9
T1087.001,Local Account,17,1,41,59,0.392,5,0.9
T1505.003,Web Shell,29,11,19,59,0.392,5,0.9
T1027.010,Command Obfuscation,25,5,29,59,0.392,5,0.9
T1548.002,Bypass User Account Control,10,1,48,59,0.392,5,0.9
T1059.007,JavaScript,23,5,29,57,0.379,5,0.9
T1203,Exploitation for Client Execution,40,3,14,57,0.379,5,0.9
T1021.001,Remote Desktop Protocol,33,7,17,57,0.379,5,0.9
T1583.001,Domains,38,14,3,55,0.365,5,0.9
T1036,Masquerading,19,6,30,55,0.365,5,0.9
T1078,Valid Accounts,41,8,6,55,0.365,5,0.9
T1120,Peripheral Device Discovery,9,2,44,55,0.365,5,0.9
T1560,Archive Collected Data,13,0,41,54,0.359,5,0.9
T1564.001,Hidden Files and Directories,11,1,42,54,0.359,5,0.9
T1071.004,DNS,11,1,41,53,0.352,5,0.9
T1070.006,Timestomp,9,3,41,53,0.352,5,0.9
T1087.002,Domain Account,24,4,25,53,0.352,5,0.9
T1571,Non-Standard Port,14,5,33,52,0.346,5,0.9
T1008,Fallback Channels,4,1,47,52,0.346,5,0.9
T1102.002,Bidirectional Communication,15,1,36,52,0.346,5,0.9
T1059.004,Unix Shell,7,3,41,51,0.339,5,0.9
T1518,Software Discovery,12,3,33,48,0.319,5,0.9
T1490,Inhibit System Recovery,3,0,45,48,0.319,5,0.9
T1564.003,Hidden Window,14,0,33,47,0.312,5,0.9
T1059.006,Python,15,3,29,47,0.312,5,0.9
T1570,Lateral Tool Transfer,17,7,22,46,0.306,5,0.9
T1497.003,Time Based Evasion,0,1,44,45,0.299,5,0.9
T1489,Service Stop,5,0,39,44,0.292,5,0.9
T1102,Web Service,14,4,25,43,0.286,5,0.9
T1189,Drive-by Compromise,31,2,10,43,0.286,5,0.9
T1115,Clipboard Data,3,1,38,42,0.279,5,0.9
T1068,Exploitation for Privilege Escalation,21,2,18,41,0.272,5,0.9
T1562.004,Disable or Modify System Firewall,14,4,23,41,0.272,5,0.9
T1059,Command and Scripting Interpreter,16,4,21,41,0.272,5,0.9
T1133,External Remote Services,26,9,5,40,0.266,5,0.9
T1070.001,Clear Windows Event Logs,13,1,25,39,0.259,5,0.9
T1055.012,Process Hollowing,7,0,32,39,0.259,5,0.9
T1560.003,Archive via Custom Method,6,1,31,38,0.253,5,0.9
T1567.002,Exfiltration to Cloud Storage,20,3,14,37,0.246,5,0.9
T1555,Credentials from Password Stores,12,1,22,35,0.233,5,0.9
T1125,Video Capture,3,0,31,34,0.226,5,0.9
T1218.010,Regsvr32,10,2,22,34,0.226,5,0.9
T1572,Protocol Tunneling,11,5,18,34,0.226,5,0.9
T1614.001,System Language Discovery,3,1,29,33,0.219,5,0.9
T1003.002,Security Account Manager,13,5,15,33,0.219,5,0.9
T1480,Execution Guardrails,2,1,30,33,0.219,5,0.9
T1552.001,Credentials In Files,14,1,18,33,0.219,5,0.9
T1010,Application Window Discovery,3,0,30,33,0.219,5,0.9
T1069.002,Domain Groups,10,2,21,33,0.219,5,0.9
T1090.003,Multi-hop Proxy,9,4,20,33,0.219,5,0.9
T1608.001,Upload Malware,24,8,0,32,0.213,5,0.9
T1069.001,Local Groups,7,3,21,31,0.206,5,0.9
T1078.002,Domain Accounts,18,8,5,31,0.206,5,0.9
T1587.001,Malware,19,12,0,31,0.206,5,0.9
T1090.001,Internal Proxy,9,3,19,31,0.206,5,0.9
T1123,Audio Capture,1,0,30,31,0.206,5,0.9
T1048.003,Exfiltration Over Unencrypted Non-C2 Protocol,9,1,20,30,0.199,5,0.9
T1070,Indicator Removal,3,2,25,30,0.199,5,0.9
T1027.011,Fileless Storage,2,1,27,30,0.199,5,0.9
T1482,Domain Trust Discovery,8,3,19,30,0.199,5,0.9
T1218.005,Mshta,17,2,11,30,0.199,5,0.9
T1136.001,Local Account,14,0,15,29,0.193,5,0.9
T1547.009,Shortcut Modification,4,0,25,29,0.193,5,0.9
T1027.003,Steganography,8,2,19,29,0.193,5,0.9
T1485,Data Destruction,4,1,24,29,0.193,5,0.9
T1027.015,Compression,6,0,23,29,0.193,5,0.9
T1014,Rootkit,5,1,22,28,0.186,5,0.9
T1020,Automated Exfiltration,6,2,20,28,0.186,5,0.9
T1218.007,Msiexec,6,1,20,27,0.179,5,0.9
T1071.003,Mail Protocols,5,0,20,25,0.166,5,0.9
T1546.003,Windows Management Instrumentation Event Subscription,10,2,13,25,0.166,5,0.9
T1091,Replication Through Removable Media,7,0,18,25,0.166,5,0.9
T1529,System Shutdown/Reboot,3,0,22,25,0.166,5,0.9
T1027.001,Binary Padding,7,0,18,25,0.166,5,0.9
T1040,Network Sniffing,7,2,15,24,0.159,5,0.9
T1210,Exploitation of Remote Services,11,0,13,24,0.159,5,0.9
T1539,Steal Web Session Cookie,8,1,15,24,0.159,5,0.9
T1016.001,Internet Connection Discovery,11,2,11,24,0.159,5,0.9
T1025,Data from Removable Media,4,0,20,24,0.159,5,0.9
T1497,Virtualization/Sandbox Evasion,2,1,21,24,0.159,5,0.9
T1021.004,SSH,17,3,4,24,0.159,5,0.9
T1003.003,NTDS,16,3,4,23,0.153,5,0.9
T1217,Browser Information Discovery,6,2,15,23,0.153,5,0.9
T1583.006,Web Services,20,3,0,23,0.153,5,0.9
T1110,Brute Force,13,2,7,22,0.146,5,0.9
T1071.002,File Transfer Protocols,4,1,17,22,0.146,5,0.9
T1620,Reflective Code Loading,2,0,20,22,0.146,5,0.9
T1568.002,Domain Generation Algorithms,2,0,20,22,0.146,5,0.9
T1134,Access Token Manipulation,3,1,18,22,0.146,5,0.9
T1027.009,Embedded Payloads,3,1,18,22,0.146,5,0.9
T1030,Data Transfer Size Limits,5,2,14,21,0.14,5,0.9
T1090.002,External Proxy,11,0,10,21,0.14,5,0.9
T1129,Shared Modules,0,0,21,21,0.14,5,0.9
T1102.001,Dead Drop Resolver,6,1,14,21,0.14,5,0.9
T1585.002,Email Accounts,16,5,0,21,0.14,5,0.9
T1219,Remote Access Tools,13,2,6,21,0.14,5,0.9
T1568,Dynamic Resolution,6,6,8,20,0.133,5,0.9
T1078.003,Local Accounts,12,3,5,20,0.133,5,0.9
T1550.002,Pass the Hash,11,1,8,20,0.133,5,0.9
T1559.002,Dynamic Data Exchange,11,1,8,20,0.133,5,0.9
T1622,Debugger Evasion,0,1,18,19,0.126,5,0.9
T1583.003,Virtual Private Server,13,6,0,19,0.126,5,0.9
T1003.004,LSA Secrets,10,0,9,19,0.126,5,0.9
T1543.001,Launch Agent,0,0,19,19,0.126,5,0.9
T1554,Compromise Host Software Binary,1,2,16,19,0.126,5,0.9
T1114.002,Remote Email Collection,12,2,4,18,0.12,5,0.9
T1029,Scheduled Transfer,1,0,17,18,0.12,5,0.9
T1003,OS Credential Dumping,11,0,7,18,0.12,5,0.9
T1588.001,Malware,13,5,0,18,0.12,5,0.9
T1027.016,Junk Code Insertion,4,0,14,18,0.12,5,0.9
T1114.001,Local Email Collection,6,1,11,18,0.12,5,0.9
T1561.002,Disk Structure Wipe,5,1,11,17,0.113,5,0.9
T1027.005,Indicator Removal from Tools,6,2,9,17,0.113,5,0.9
T1559.001,Component Object Model,2,0,15,17,0.113,5,0.9
T1552.004,Private Keys,4,2,11,17,0.113,5,0.9
T1573,Encrypted Channel,4,2,11,17,0.113,5,0.9
T1134.001,Token Impersonation/Theft,2,1,14,17,0.113,5,0.9
T1001.003,Protocol or Service Impersonation,2,1,14,17,0.113,5,0.9
T1564.004,NTFS File Attributes,1,0,15,16,0.106,5,0.9
T1071,Application Layer Protocol,5,1,10,16,0.106,5,0.9
T1110.003,Password Spraying,11,1,4,16,0.106,5,0.9
T1589.002,Email Addresses,14,1,1,16,0.106,5,0.9
T1001.001,Junk Data,1,0,15,16,0.106,5,0.9
T1053.003,Cron,3,1,12,16,0.106,5,0.9
T1598.003,Spearphishing Link,14,0,2,16,0.106,5,0.9
T1561.001,Disk Content Wipe,2,1,13,16,0.106,5,0.9
T1585.001,Social Media Accounts,13,2,0,15,0.1,4,0.72
T1566.003,Spearphishing via Service,13,1,1,15,0.1,4,0.72
T1584.004,Server,10,5,0,15,0.1,4,0.72
T1614,System Location Discovery,2,0,13,15,0.1,4,0.72
T1205,Traffic Signaling,1,1,13,15,0.1,4,0.72
T1560.002,Archive via Library,2,0,13,15,0.1,4,0.72
T1595.002,Vulnerability Scanning,13,1,0,14,0.093,4,0.72
T1185,Browser Session Hijacking,1,0,13,14,0.093,4,0.72
T1036.008,Masquerade File Type,2,2,10,14,0.093,4,0.72
T1132.002,Non-Standard Encoding,0,0,14,14,0.093,4,0.72
T1555.004,Windows Credential Manager,4,1,9,14,0.093,4,0.72
T1496.001,Compute Hijacking,4,1,9,14,0.093,4,0.72
T1222.002,Linux and Mac File and Directory Permissions Modification,3,1,10,14,0.093,4,0.72
T1087.003,Email Account,4,2,8,14,0.093,4,0.72
T1104,Multi-Stage Channels,4,0,10,14,0.093,4,0.72
T1056.002,GUI Input Capture,2,0,11,13,0.086,4,0.72
T1195.002,Compromise Software Supply Chain,9,1,3,13,0.086,4,0.72
T1039,Data from Network Shared Drive,8,1,4,13,0.086,4,0.72
T1001,Data Obfuscation,1,1,11,13,0.086,4,0.72
T1070.009,Clear Persistence,0,0,13,13,0.086,4,0.72
T1197,BITS Jobs,5,0,8,13,0.086,4,0.72
T1001.002,Steganography,1,1,11,13,0.086,4,0.72
T1074.002,Remote Data Staging,10,2,1,13,0.086,4,0.72
T1199,Trusted Relationship,11,1,0,12,0.08,4,0.72
T1559,Inter-Process Communication,0,1,11,12,0.08,4,0.72
T1213,Data from Information Repositories,5,3,4,12,0.08,4,0.72
T1080,Taint Shared Content,5,0,7,12,0.08,4,0.72
T1546.015,Component Object Model Hijacking,1,0,11,12,0.08,4,0.72
T1056.004,Credential API Hooking,1,0,11,12,0.08,4,0.72
T1558.003,Kerberoasting,3,3,6,12,0.08,4,0.72
T1547.004,Winlogon Helper DLL,3,0,9,12,0.08,4,0.72
T1078.004,Cloud Accounts,7,2,3,12,0.08,4,0.72
T1055.004,Asynchronous Procedure Call,1,0,11,12,0.08,4,0.72
T1069,Permission Groups Discovery,5,1,6,12,0.08,4,0.72
T1134.002,Create Process with Token,2,0,10,12,0.08,4,0.72
T1491.001,Internal Defacement,3,0,8,11,0.073,4,0.72
T1221,Template Injection,7,2,2,11,0.073,4,0.72
T1484.001,Group Policy Modification,3,1,7,11,0.073,4,0.72
T1055.002,Portable Executable Injection,2,0,9,11,0.073,4,0.72
T1567,Exfiltration Over Web Service,3,2,6,11,0.073,4,0.72
T1021.005,VNC,4,0,7,11,0.073,4,0.72
T1098.007,Additional Local or Domain Groups,7,0,4,11,0.073,4,0.72
T1586.002,Email Accounts,11,0,0,11,0.073,4,0.72
T1222.001,Windows File and Directory Permissions Modification,2,0,9,11,0.073,4,0.72
T1056,Input Capture,3,2,6,11,0.073,4,0.72
T1480.002,Mutual Exclusion,1,0,10,11,0.073,4,0.72
T1584.001,Domains,6,4,1,11,0.073,4,0.72
T1110.001,Password Guessing,2,0,9,11,0.073,4,0.72
T1588.003,Code Signing Certificates,6,3,1,10,0.066,4,0.72
T1656,Impersonation,7,2,1,10,0.066,4,0.72
T1027.004,Compile After Delivery,4,0,6,10,0.066,4,0.72
T1136.002,Domain Account,4,2,4,10,0.066,4,0.72
T1543.002,Systemd Service,2,1,7,10,0.066,4,0.72
T1583.004,Server,6,4,0,10,0.066,4,0.72
T1036.003,Rename Legitimate Utilities,6,0,4,10,0.066,4,0.72
T1574,Hijack Execution Flow,0,2,8,10,0.066,4,0.72
T1070.003,Clear Command History,7,0,3,10,0.066,4,0.72
T1657,Financial Theft,9,0,1,10,0.066,4,0.72
T1562.006,Indicator Blocking,2,0,8,10,0.066,4,0.72
T1027.007,Dynamic API Resolution,1,0,8,9,0.06,4,0.72
T1021.006,Windows Remote Management,4,2,3,9,0.06,4,0.72
T1552.002,Credentials in Registry,2,0,7,9,0.06,4,0.72
T1589,Gather Victim Identity Information,7,2,0,9,0.06,4,0.72
T1543.004,Launch Daemon,0,0,9,9,0.06,4,0.72
T1594,Search Victim-Owned Websites,6,3,0,9,0.06,4,0.72
T1048,Exfiltration Over Alternative Protocol,2,0,7,9,0.06,4,0.72
T1608.004,Drive-by Target,8,1,0,9,0.06,4,0.72
T1542.003,Bootkit,3,0,6,9,0.06,4,0.72
T1102.003,One-Way Communication,2,1,6,9,0.06,4,0.72
T1213.002,Sharepoint,6,1,1,8,0.053,4,0.72
T1111,Multi-Factor Authentication Interception,4,2,2,8,0.053,4,0.72
T1555.001,Keychain,0,0,8,8,0.053,4,0.72
T1584.008,Network Devices,4,4,0,8,0.053,4,0.72
T1566,Phishing,5,0,3,8,0.053,4,0.72
T1530,Data from Cloud Storage,4,1,3,8,0.053,4,0.72
T1036.001,Invalid Code Signature,2,0,6,8,0.053,4,0.72
T1555.005,Password Managers,4,1,3,8,0.053,4,0.72
T1201,Password Policy Discovery,3,1,4,8,0.053,4,0.72
T1070.002,Clear Linux or Mac System Logs,4,0,4,8,0.053,4,0.72
T1588.004,Digital Certificates,5,3,0,8,0.053,4,0.72
T1654,Log Enumeration,4,0,4,8,0.053,4,0.72
T1074,Data Staged,4,0,4,8,0.053,4,0.72
T1219.002,Remote Desktop Software,6,2,0,8,0.053,4,0.72
T1003.005,Cached Domain Credentials,4,0,4,8,0.053,4,0.72
T1574.006,Dynamic Linker Hijacking,3,0,5,8,0.053,4,0.72
T1480.001,Environmental Keying,2,0,6,8,0.053,4,0.72
T1583,Acquire Infrastructure,7,0,0,7,0.047,3,0.54
T1615,Group Policy Discovery,1,1,5,7,0.047,3,0.54
T1557.001,LLMNR/NBT-NS Poisoning and SMB Relay,2,0,5,7,0.047,3,0.54
T1546.008,Accessibility Features,6,0,1,7,0.047,3,0.54
T1021,Remote Services,3,0,4,7,0.047,3,0.54
T1036.010,Masquerade Account Name,4,1,2,7,0.047,3,0.54
T1589.001,Credentials,5,2,0,7,0.047,3,0.54
T1176.001,Browser Extensions,1,0,6,7,0.047,3,0.54
T1052.001,Exfiltration over USB,2,0,5,7,0.047,3,0.54
T1564.005,Hidden File System,2,0,4,6,0.04,3,0.54
T1547,Boot or Logon Autostart Execution,1,0,5,6,0.04,3,0.54
T1098.004,SSH Authorized Keys,3,0,3,6,0.04,3,0.54
T1110.002,Password Cracking,4,1,1,6,0.04,3,0.54
T1550.003,Pass the Ticket,3,0,3,6,0.04,3,0.54
T1569.001,Launchctl,0,0,6,6,0.04,3,0.54
T1552,Unsecured Credentials,1,1,4,6,0.04,3,0.54
T1037.001,Logon Script (Windows),2,0,4,6,0.04,3,0.54
T1553.001,Gatekeeper Bypass,0,0,6,6,0.04,3,0.54
T1562.002,Disable Windows Event Logging,2,3,1,6,0.04,3,0.54
T1562.003,Impair Command History Logging,2,1,3,6,0.04,3,0.54
T1132,Data Encoding,1,0,5,6,0.04,3,0.54
T1048.002,Exfiltration Over Asymmetric Encrypted Non-C2 Protocol,3,1,2,6,0.04,3,0.54
T1591,Gather Victim Org Information,5,1,0,6,0.04,3,0.54
T1568.001,Fast Flux DNS,3,0,3,6,0.04,3,0.54
T1218.004,InstallUtil,2,0,4,6,0.04,3,0.54
T1087,Account Discovery,2,1,3,6,0.04,3,0.54
T1037.004,RC Scripts,2,0,4,6,0.04,3,0.54
T1557,Adversary-in-the-Middle,2,1,3,6,0.04,3,0.54
T1072,Software Deployment Tools,4,1,1,6,0.04,3,0.54
T1218.001,Compiled HTML File,5,0,1,6,0.04,3,0.54
T1584.006,Web Services,4,1,1,6,0.04,3,0.54
T1531,Account Access Removal,2,0,4,6,0.04,3,0.54
T1078.001,Default Accounts,3,1,2,6,0.04,3,0.54
T1114,Email Collection,4,0,2,6,0.04,3,0.54
T1665,Hide Infrastructure,2,1,3,6,0.04,3,0.54
T1059.010,AutoHotKey & AutoIT,1,0,5,6,0.04,3,0.54
T1003.006,DCSync,2,3,1,6,0.04,3,0.54
T1543,Create or Modify System Process,0,0,6,6,0.04,3,0.54
T1053.002,At,3,0,3,6,0.04,3,0.54
T1611,Escape to Host,1,0,4,5,0.033,3,0.54
T1090.004,Domain Fronting,1,0,4,5,0.033,3,0.54
T1564.011,Ignore Process Interrupts,1,0,4,5,0.033,3,0.54
T1528,Steal Application Access Token,2,1,2,5,0.033,3,0.54
T1087.004,Cloud Account,1,1,3,5,0.033,3,0.54
T1553.005,Mark-of-the-Web Bypass,3,0,2,5,0.033,3,0.54
T1598,Phishing for Information,5,0,0,5,0.033,3,0.54
T1134.003,Make and Impersonate Token,2,0,3,5,0.033,3,0.54
T1562.009,Safe Mode Boot,0,0,5,5,0.033,3,0.54
T1098.002,Additional Email Delegate Permissions,3,2,0,5,0.033,3,0.54
T1556,Modify Authentication Process,1,1,3,5,0.033,3,0.54
T1534,Internal Spearphishing,4,1,0,5,0.033,3,0.54
T1562,Impair Defenses,2,0,3,5,0.033,3,0.54
T1195,Supply Chain Compromise,3,0,2,5,0.033,3,0.54
T1546.004,Unix Shell Configuration Modification,0,1,4,5,0.033,3,0.54
T1204,User Execution,2,1,2,5,0.033,3,0.54
T1564,Hide Artifacts,0,0,5,5,0.033,3,0.54
T1098,Account Manipulation,2,1,2,5,0.033,3,0.54
T1053,Scheduled Task/Job,1,0,4,5,0.033,3,0.54
T1070.005,Network Share Connection Removal,1,0,4,5,0.033,3,0.54
T1059.002,AppleScript,0,0,5,5,0.033,3,0.54
T1056.003,Web Portal Capture,1,2,2,5,0.033,3,0.54
T1547.013,XDG Autostart Entries,0,0,5,5,0.033,3,0.54
T1136,Create Account,3,1,1,5,0.033,3,0.54
T1587.003,Digital Certificates,2,3,0,5,0.033,3,0.54
T1558.001,Golden Ticket,1,0,4,5,0.033,3,0.54
T1036.002,Right-to-Left Override,5,0,0,5,0.033,3,0.54
T1553.006,Code Signing Policy Modification,2,0,3,5,0.033,3,0.54
T1609,Container Administration Command,1,0,4,5,0.033,3,0.54
T1550.001,Application Access Token,2,1,2,5,0.033,3,0.54
T1037,Boot or Logon Initialization Scripts,3,1,1,5,0.033,3,0.54
T1205.001,Port Knocking,1,0,3,4,0.027,3,0.54
T1585,Establish Accounts,4,0,0,4,0.027,3,0.54
T1610,Deploy Container,1,0,3,4,0.027,3,0.54
T1558.002,Silver Ticket,0,0,4,4,0.027,3,0.54
T1587.002,Code Signing Certificates,3,1,0,4,0.027,3,0.54
T1137.006,Add-ins,1,0,3,4,0.027,3,0.54
T1059.011,Lua,0,0,4,4,0.027,3,0.54
T1546,Event Triggered Execution,0,1,3,4,0.027,3,0.54
T1220,XSL Script Processing,2,1,1,4,0.027,3,0.54
T1036.007,Double File Extension,1,0,3,4,0.027,3,0.54
T1055.003,Thread Execution Hijacking,0,0,4,4,0.027,3,0.54
T1546.011,Application Shimming,1,0,3,4,0.027,3,0.54
T1070.008,Clear Mailbox Data,1,1,2,4,0.027,3,0.54
T1213.003,Code Repositories,3,1,0,4,0.027,3,0.54
T1565.002,Transmitted Data Manipulation,1,0,3,4,0.027,3,0.54
T1114.003,Email Forwarding Rule,4,0,0,4,0.027,3,0.54
T1202,Indirect Command Execution,2,0,2,4,0.027,3,0.54
T1218.003,CMSTP,2,0,2,4,0.027,3,0.54
T1598.002,Spearphishing Attachment,4,0,0,4,0.027,3,0.54
T1552.006,Group Policy Preferences,2,0,2,4,0.027,3,0.54
T1006,Direct Volume Access,2,1,1,4,0.027,3,0.54
T1069.003,Cloud Groups,0,1,3,4,0.027,3,0.54
T1593,Search Open Websites/Domains,4,0,0,4,0.027,3,0.54
T1505.004,IIS Components,0,1,3,4,0.027,3,0.54
T1098.003,Additional Cloud Roles,2,2,0,4,0.027,3,0.54
T1553.004,Install Root Certificate,0,0,4,4,0.027,3,0.54
T1546.010,AppInit DLLs,1,0,3,4,0.027,3,0.54
T1584.005,Botnet,4,0,0,4,0.027,3,0.54
T1497.002,User Activity Based Checks,2,0,2,4,0.027,3,0.54
T1016.002,Wi-Fi Discovery,1,1,2,4,0.027,3,0.54
T1621,Multi-Factor Authentication Request Generation,3,1,0,4,0.027,3,0.54
T1134.004,Parent PID Spoofing,0,0,4,4,0.027,3,0.54
T1591.004,Identify Roles,3,1,0,4,0.027,3,0.54
T1098.005,Device Registration,1,2,1,4,0.027,3,0.54
T1574.007,Path Interception by PATH Environment Variable,0,0,3,3,0.02,2,0.36
T1092,Communication Through Removable Media,1,0,2,3,0.02,2,0.36
T1590.005,IP Addresses,3,0,0,3,0.02,2,0.36
T1213.005,Messaging Applications,3,0,0,3,0.02,2,0.36
T1484.002,Trust Modification,1,1,1,3,0.02,2,0.36
T1593.001,Social Media,2,1,0,3,0.02,2,0.36
T1592.002,Software,3,0,0,3,0.02,2,0.36
T1588.006,Vulnerabilities,2,1,0,3,0.02,2,0.36
T1649,Steal or Forge Authentication Certificates,1,0,2,3,0.02,2,0.36
T1562.010,Downgrade Attack,0,1,2,3,0.02,2,0.36
T1584.003,Virtual Private Server,2,1,0,3,0.02,2,0.36
T1653,Power Settings,0,1,2,3,0.02,2,0.36
T1547.012,Print Processors,1,0,2,3,0.02,2,0.36
T1547.006,Kernel Modules and Extensions,0,1,2,3,0.02,2,0.36
T1136.003,Cloud Account,2,0,1,3,0.02,2,0.36
T1548.003,Sudo and Sudo Caching,0,0,3,3,0.02,2,0.36
T1596.005,Scan Databases,2,1,0,3,0.02,2,0.36
T1564.006,Run Virtual Instance,0,0,3,3,0.02,2,0.36
T1652,Device Driver Discovery,0,0,3,3,0.02,2,0.36
T1556.002,Password Filter DLL,2,0,1,3,0.02,2,0.36
T1589.003,Employee Names,3,0,0,3,0.02,2,0.36
T1565.001,Stored Data Manipulation,1,0,2,3,0.02,2,0.36
T1608.002,Upload Tool,1,2,0,3,0.02,2,0.36
T1137.001,Office Template Macros,1,0,2,3,0.02,2,0.36
T1591.002,Business Relationships,3,0,0,3,0.02,2,0.36
T1547.005,Security Support Provider,0,0,3,3,0.02,2,0.36
T1055.013,Process Doppelgänging,1,0,2,3,0.02,2,0.36
T1218.008,Odbcconf,1,0,2,3,0.02,2,0.36
T1583.002,DNS Server,3,0,0,3,0.02,2,0.36
T1542.001,System Firmware,0,0,3,3,0.02,2,0.36
T1498,Network Denial of Service,1,0,2,3,0.02,2,0.36
T1027.006,HTML Smuggling,1,0,2,3,0.02,2,0.36
T1547.015,Login Items,0,0,3,3,0.02,2,0.36
T1021.007,Cloud Services,2,1,0,3,0.02,2,0.36
T1578.002,Create Cloud Instance,2,1,0,3,0.02,2,0.36
T1613,Container and Resource Discovery,1,0,2,3,0.02,2,0.36
T1651,Cloud Administration Command,1,0,2,3,0.02,2,0.36
T1552.005,Cloud Instance Metadata API,1,0,2,3,0.02,2,0.36
T1205.002,Socket Filters,0,0,3,3,0.02,2,0.36
T1526,Cloud Service Discovery,0,0,3,3,0.02,2,0.36
T1598.004,Spearphishing Voice,2,1,0,3,0.02,2,0.36
T1059.009,Cloud API,2,0,1,3,0.02,2,0.36
T1499,Endpoint Denial of Service,1,0,2,3,0.02,2,0.36
T1127.001,MSBuild,0,1,2,3,0.02,2,0.36
T1564.002,Hidden Users,2,0,1,3,0.02,2,0.36
T1098.001,Additional Cloud Credentials,0,2,1,3,0.02,2,0.36
T1590.004,Network Topology,3,0,0,3,0.02,2,0.36
T1590,Gather Victim Network Information,3,0,0,3,0.02,2,0.36
T1556.006,Multi-Factor Authentication,1,0,2,3,0.02,2,0.36
T1583.005,Botnet,3,0,0,3,0.02,2,0.36
T1021.003,Distributed Component Object Model,0,0,3,3,0.02,2,0.36
T1546.012,Image File Execution Options Injection,0,1,2,3,0.02,2,0.36
T1003.007,Proc Filesystem,0,0,3,3,0.02,2,0.36
T1187,Forced Authentication,2,0,1,3,0.02,2,0.36
T1619,Cloud Storage Object Discovery,0,0,2,2,0.013,2,0.36
T1608.005,Link Target,2,0,0,2,0.013,2,0.36
T1556.001,Domain Controller Authentication,1,0,1,2,0.013,2,0.36
T1537,Transfer Data to Cloud Account,2,0,0,2,0.013,2,0.36
T1659,Content Injection,1,0,1,2,0.013,2,0.36
T1555.006,Cloud Secrets Management Stores,1,0,1,2,0.013,2,0.36
T1550,Use Alternate Authentication Material,0,1,1,2,0.013,2,0.36
T1556.007,Hybrid Identity,1,0,1,2,0.013,2,0.36
T1218.002,Control Panel,0,0,2,2,0.013,2,0.36
T1548.001,Setuid and Setgid,0,0,2,2,0.013,2,0.36
T1647,Plist File Modification,0,0,2,2,0.013,2,0.36
T1542.002,Component Firmware,1,0,1,2,0.013,2,0.36
T1003.008,/etc/passwd and /etc/shadow,0,1,1,2,0.013,2,0.36
T1059.012,Hypervisor CLI,0,0,2,2,0.013,2,0.36
T1593.002,Search Engines,1,1,0,2,0.013,2,0.36
T1593.003,Code Repositories,2,0,0,2,0.013,2,0.36
T1036.006,Space after Filename,1,0,1,2,0.013,2,0.36
T1563.002,RDP Hijacking,1,0,1,2,0.013,2,0.36
T1564.010,Process Argument Spoofing,0,0,2,2,0.013,2,0.36
T1574.012,COR_PROFILER,1,0,1,2,0.013,2,0.36
T1055.011,Extra Window Memory Injection,0,0,2,2,0.013,2,0.36
T1556.003,Pluggable Authentication Modules,0,0,2,2,0.013,2,0.36
T1547.008,LSASS Driver,0,0,2,2,0.013,2,0.36
T1211,Exploitation for Defense Evasion,2,0,0,2,0.013,2,0.36
T1595.001,Scanning IP Blocks,2,0,0,2,0.013,2,0.36
T1606.002,SAML Tokens,0,1,1,2,0.013,2,0.36
T1590.001,Domain Properties,1,0,1,2,0.013,2,0.36
T1587,Develop Capabilities,2,0,0,2,0.013,2,0.36
T1596,Search Open Technical Databases,2,0,0,2,0.013,2,0.36
T1580,Cloud Infrastructure Discovery,1,0,1,2,0.013,2,0.36
T1137.004,Outlook Home Page,1,0,1,2,0.013,2,0.36
T1566.004,Spearphishing Voice,1,1,0,2,0.013,2,0.36
T1587.004,Exploits,2,0,0,2,0.013,2,0.36
T1595.003,Wordlist Scanning,2,0,0,2,0.013,2,0.36
T1574.009,Path Interception by Unquoted Path,0,0,2,2,0.013,2,0.36
T1584.002,DNS Server,2,0,0,2,0.013,2,0.36
T1218,System Binary Proxy Execution,2,0,0,2,0.013,2,0.36
T1585.003,Cloud Accounts,1,1,0,2,0.013,2,0.36
T1586.001,Social Media Accounts,2,0,0,2,0.013,2,0.36
T1557.002,ARP Cache Poisoning,2,0,0,2,0.013,2,0.36
T1584,Compromise Infrastructure,0,2,0,2,0.013,2,0.36
T1562.008,Disable or Modify Cloud Logs,1,0,1,2,0.013,2,0.36
T1137,Office Application Startup,2,0,0,2,0.013,2,0.36
T1550.004,Web Session Cookie,1,1,0,2,0.013,2,0.36
T1546.001,Change Default File Association,1,0,1,2,0.013,2,0.36
T1134.005,SID-History Injection,0,0,2,2,0.013,2,0.36
T1564.009,Resource Forking,0,0,2,2,0.013,2,0.36
T1599,Network Boundary Bridging,1,1,0,2,0.013,2,0.36
T1027.008,Stripped Payloads,0,0,2,2,0.013,2,0.36
T1110.004,Credential Stuffing,1,0,1,2,0.013,2,0.36
T1070.007,Clear Network Connection History and Configurations,1,0,1,2,0.013,2,0.36
T1574.013,KernelCallbackTable,1,0,1,2,0.013,2,0.36
T1586.003,Cloud Accounts,1,1,0,2,0.013,2,0.36
T1583.008,Malvertising,1,0,1,2,0.013,2,0.36
T1564.008,Email Hiding Rules,2,0,0,2,0.013,2,0.36
T1574.008,Path Interception by Search Order Hijacking,0,0,2,2,0.013,2,0.36
T1491.002,External Defacement,2,0,0,2,0.013,2,0.36
T1669,Wi-Fi Networks,1,1,0,2,0.013,2,0.36
T1556.004,Network Device Authentication,0,0,2,2,0.013,2,0.36
T1505.001,SQL Stored Procedures,0,1,1,2,0.013,2,0.36
T1495,Firmware Corruption,0,0,2,2,0.013,2,0.36
T1588.005,Exploits,2,0,0,2,0.013,2,0.36
T1574.004,Dylib Hijacking,0,0,1,1,0.007,1,0.18
T1598.001,Spearphishing Service,0,1,0,1,0.007,1,0.18
T1546.007,Netsh Helper DLL,0,0,1,1,0.007,1,0.18
T1552.007,Container API,0,0,1,1,0.007,1,0.18
T1674,Input Injection,1,0,0,1,0.007,1,0.18
T1011.001,Exfiltration Over Bluetooth,0,0,1,1,0.007,1,0.18
T1564.013,Bind Mounts,0,1,0,1,0.007,1,0.18
T1546.013,PowerShell Profile,1,0,0,1,0.007,1,0.18
T1055.015,ListPlanting,0,0,1,1,0.007,1,0.18
T1137.003,Outlook Forms,0,0,1,1,0.007,1,0.18
T1565,Data Manipulation,1,0,0,1,0.007,1,0.18
T1027.014,Polymorphic Code,0,0,1,1,0.007,1,0.18
T1553,Subvert Trust Controls,1,0,0,1,0.007,1,0.18
T1574.010,Services File Permissions Weakness,0,0,1,1,0.007,1,0.18
T1212,Exploitation for Credential Access,0,1,0,1,0.007,1,0.18
T1597,Search Closed Sources,1,0,0,1,0.007,1,0.18
T1137.005,Outlook Rules,0,0,1,1,0.007,1,0.18
T1558,Steal or Forge Kerberos Tickets,1,0,0,1,0.007,1,0.18
T1204.003,Malicious Image,1,0,0,1,0.007,1,0.18
T1591.001,Determine Physical Locations,1,0,0,1,0.007,1,0.18
T1137.002,Office Test,1,0,0,1,0.007,1,0.18
T1558.004,AS-REP Roasting,0,0,1,1,0.007,1,0.18
T1578.001,Create Snapshot,0,0,1,1,0.007,1,0.18
T1055.008,Ptrace System Calls,0,0,1,1,0.007,1,0.18
T1548.006,TCC Manipulation,0,0,1,1,0.007,1,0.18
T1648,Serverless Execution,0,0,1,1,0.007,1,0.18
T1207,Rogue Domain Controller,0,0,1,1,0.007,1,0.18
T1601.001,Patch System Image,0,0,1,1,0.007,1,0.18
T1200,Hardware Additions,1,0,0,1,0.007,1,0.18
T1574.011,Services Registry Permissions Weakness,0,1,0,1,0.007,1,0.18
T1195.001,Compromise Software Dependencies and Development Tools,0,0,1,1,0.007,1,0.18
T1602.002,Network Device Configuration Dump,1,0,0,1,0.007,1,0.18
T1218.009,Regsvcs/Regasm,0,0,1,1,0.007,1,0.18
T1218.012,Verclsid,0,0,1,1,0.007,1,0.18
T1567.001,Exfiltration to Code Repository,0,0,1,1,0.007,1,0.18
T1546.002,Screensaver,0,0,1,1,0.007,1,0.18
T1556.009,Conditional Access Policies,1,0,0,1,0.007,1,0.18
T1606.001,Web Cookies,0,1,0,1,0.007,1,0.18
T1059.008,Network Device CLI,0,0,1,1,0.007,1,0.18
T1608,Stage Capabilities,1,0,0,1,0.007,1,0.18
T1568.003,DNS Calculation,1,0,0,1,0.007,1,0.18
T1552.003,Bash History,0,0,1,1,0.007,1,0.18
T1055.009,Proc Memory,0,1,0,1,0.007,1,0.18
T1499.004,Application or System Exploitation,0,0,1,1,0.007,1,0.18
T1608.003,Install Digital Certificate,1,0,0,1,0.007,1,0.18
T1547.014,Active Setup,0,0,1,1,0.007,1,0.18
T1037.005,Startup Items,0,0,1,1,0.007,1,0.18
T1071.005,Publish/Subscribe Protocols,0,0,1,1,0.007,1,0.18
T1552.008,Chat Messages,1,0,0,1,0.007,1,0.18
T1569.003,Systemctl,1,0,0,1,0.007,1,0.18
T1557.004,Evil Twin,1,0,0,1,0.007,1,0.18
T1574.014,AppDomainManager,0,0,1,1,0.007,1,0.18
T1548.004,Elevated Execution with Prompt,0,0,1,1,0.007,1,0.18
T1667,Email Bombing,1,0,0,1,0.007,1,0.18
T1547.002,Authentication Package,0,0,1,1,0.007,1,0.18
T1565.003,Runtime Data Manipulation,1,0,0,1,0.007,1,0.18
T1036.009,Break Process Trees,0,0,1,1,0.007,1,0.18
T1505.002,Transport Agent,0,0,1,1,0.007,1,0.18
T1558.005,Ccache Files,0,0,1,1,0.007,1,0.18
T1590.006,Network Security Appliances,1,0,0,1,0.007,1,0.18
T1592.004,Client Configurations,1,0,0,1,0.007,1,0.18
T1562.007,Disable or Modify Cloud Firewall,0,0,1,1,0.007,1,0.18
T1578.003,Delete Cloud Instance,1,0,0,1,0.007,1,0.18
T1597.002,Purchase Technical Data,1,0,0,1,0.007,1,0.18
T1036.011,Overwrite Process Arguments,0,0,1,1,0.007,1,0.18
T1546.016,Installer Packages,0,0,1,1,0.007,1,0.18
T1555.002,Securityd Memory,0,0,1,1,0.007,1,0.18
T1216.001,PubPrn,1,0,0,1,0.007,1,0.18
T1564.012,File/Path Exclusions,1,0,0,1,0.007,1,0.18
T1218.014,MMC,0,1,0,1,0.007,1,0.18
T1592,Gather Victim Host Information,1,0,0,1,0.007,1,0.18
T1538,Cloud Service Dashboard,1,0,0,1,0.007,1,0.18
T1608.006,SEO Poisoning,1,0,0,1,0.007,1,0.18
T1055.005,Thread Local Storage,0,0,1,1,0.007,1,0.18
T1583.007,Serverless,0,1,0,1,0.007,1,0.18
T1595,Active Scanning,0,1,0,1,0.007,1,0.18
T1562.012,Disable or Modify Linux Audit System,0,0,1,1,0.007,1,0.18
T1218.015,Electron Applications,0,0,1,1,0.007,1,0.18
T1213.001,Confluence,1,0,0,1,0.007,1,0.18
T1673,Virtual Machine Discovery,0,0,1,1,0.007,1,0.18
T1548,Abuse Elevation Control Mechanism,0,0,1,1,0.007,1,0.18
T1546.009,AppCert DLLs,0,0,1,1,0.007,1,0.18
T1505.005,Terminal Services DLL,0,0,0,0,0.0,0,0.0
T1546.005,Trap,0,0,0,0,0.0,0,0.0
T1499.001,OS Exhaustion Flood,0,0,0,0,0.0,0,0.0
T1590.002,DNS,0,0,0,0,0.0,0,0.0
T1485.001,Lifecycle-Triggered Deletion,0,0,0,0,0.0,0,0.0
T1546.006,LC_LOAD_DYLIB Addition,0,0,0,0,0.0,0,0.0
T1053.007,Container Orchestration Job,0,0,0,0,0.0,0,0.0
T1496.003,SMS Pumping,0,0,0,0,0.0,0,0.0
T1578,Modify Cloud Compute Infrastructure,0,0,0,0,0.0,0,0.0
T1546.017,Udev Rules,0,0,0,0,0.0,0,0.0
T1498.002,Reflection Amplification,0,0,0,0,0.0,0,0.0
T1590.003,Network Trust Dependencies,0,0,0,0,0.0,0,0.0
T1219.003,Remote Access Hardware,0,0,0,0,0.0,0,0.0
T1053.006,Systemd Timers,0,0,0,0,0.0,0,0.0
T1542.004,ROMMONkit,0,0,0,0,0.0,0,0.0
T1055.014,VDSO Hijacking,0,0,0,0,0.0,0,0.0
T1546.014,Emond,0,0,0,0,0.0,0,0.0
T1543.005,Container Service,0,0,0,0,0.0,0,0.0
T1052,Exfiltration Over Physical Medium,0,0,0,0,0.0,0,0.0
T1600.001,Reduce Key Space,0,0,0,0,0.0,0,0.0
T1216.002,SyncAppvPublishingServer,0,0,0,0,0.0,0,0.0
T1484,Domain or Tenant Policy Modification,0,0,0,0,0.0,0,0.0
T1601,Modify System Image,0,0,0,0,0.0,0,0.0
T1602,Data from Configuration Repository,0,0,0,0,0.0,0,0.0
T1498.001,Direct Network Flood,0,0,0,0,0.0,0,0.0
T1491,Defacement,0,0,0,0,0.0,0,0.0
T1601.002,Downgrade System Image,0,0,0,0,0.0,0,0.0
T1216,System Script Proxy Execution,0,0,0,0,0.0,0,0.0
T1505.006,vSphere Installation Bundles,0,0,0,0,0.0,0,0.0
T1563,Remote Service Session Hijacking,0,0,0,0,0.0,0,0.0
T1557.003,DHCP Spoofing,0,0,0,0,0.0,0,0.0
T1547.003,Time Providers,0,0,0,0,0.0,0,0.0
T1535,Unused/Unsupported Cloud Regions,0,0,0,0,0.0,0,0.0
T1496.004,Cloud Service Hijacking,0,0,0,0,0.0,0,0.0
T1606,Forge Web Credentials,0,0,0,0,0.0,0,0.0
T1556.008,Network Provider DLL,0,0,0,0,0.0,0,0.0
T1592.003,Firmware,0,0,0,0,0.0,0,0.0
T1213.004,Customer Relationship Management Software,0,0,0,0,0.0,0,0.0
T1567.003,Exfiltration to Text Storage Sites,0,0,0,0,0.0,0,0.0
T1098.006,Additional Container Cluster Roles,0,0,0,0,0.0,0,0.0
T1675,ESXi Administration Command,0,0,0,0,0.0,0,0.0
T1650,Acquire Access,0,0,0,0,0.0,0,0.0
T1569,System Services,0,0,0,0,0.0,0,0.0
T1037.002,Login Hook,0,0,0,0,0.0,0,0.0
T1588,Obtain Capabilities,0,0,0,0,0.0,0,0.0
T1547.010,Port Monitors,0,0,0,0,0.0,0,0.0
T1027.012,LNK Icon Smuggling,0,0,0,0,0.0,0,0.0
T1559.003,XPC Services,0,0,0,0,0.0,0,0.0
T1592.001,Hardware,0,0,0,0,0.0,0,0.0
T1578.005,Modify Cloud Compute Configurations,0,0,0,0,0.0,0,0.0
T1127.002,ClickOnce,0,0,0,0,0.0,0,0.0
T1496,Resource Hijacking,0,0,0,0,0.0,0,0.0
T1070.010,Relocate Malware,0,0,0,0,0.0,0,0.0
T1600.002,Disable Crypto Hardware,0,0,0,0,0.0,0,0.0
T1542,Pre-OS Boot,0,0,0,0,0.0,0,0.0
T1612,Build Image on Host,0,0,0,0,0.0,0,0.0
T1586,Compromise Accounts,0,0,0,0,0.0,0,0.0
T1542.005,TFTP Boot,0,0,0,0,0.0,0,0.0
T1564.007,VBA Stomping,0,0,0,0,0.0,0,0.0
T1037.003,Network Logon Script,0,0,0,0,0.0,0,0.0
T1671,Cloud Application Integration,0,0,0,0,0.0,0,0.0
T1195.003,Compromise Hardware Supply Chain,0,0,0,0,0.0,0,0.0
T1499.002,Service Exhaustion Flood,0,0,0,0,0.0,0,0.0
T1176,Software Extensions,0,0,0,0,0.0,0,0.0
T1562.011,Spoof Security Alerting,0,0,0,0,0.0,0,0.0
T1021.008,Direct Cloud VM Connections,0,0,0,0,0.0,0,0.0
T1567.004,Exfiltration Over Webhook,0,0,0,0,0.0,0,0.0
T1591.003,Identify Business Tempo,0,0,0,0,0.0,0,0.0
T1563.001,SSH Hijacking,0,0,0,0,0.0,0,0.0
T1596.004,CDNs,0,0,0,0,0.0,0,0.0
T1553.003,SIP and Trust Provider Hijacking,0,0,0,0,0.0,0,0.0
T1597.001,Threat Intel Vendors,0,0,0,0,0.0,0,0.0
T1561,Disk Wipe,0,0,0,0,0.0,0,0.0
T1222,File and Directory Permissions Modification,0,0,0,0,0.0,0,0.0
T1127.003,JamPlus,0,0,0,0,0.0,0,0.0
T1176.002,IDE Extensions,0,0,0,0,0.0,0,0.0
T1020.001,Traffic Duplication,0,0,0,0,0.0,0,0.0
T1219.001,IDE Tunneling,0,0,0,0,0.0,0,0.0
T1027.017,SVG Smuggling,0,0,0,0,0.0,0,0.0
T1048.001,Exfiltration Over Symmetric Encrypted Non-C2 Protocol,0,0,0,0,0.0,0,0.0
T1505,Server Software Component,0,0,0,0,0.0,0,0.0
T1499.003,Application Exhaustion Flood,0,0,0,0,0.0,0,0.0
T1596.001,DNS/Passive DNS,0,0,0,0,0.0,0,0.0
T1596.002,WHOIS,0,0,0,0,0.0,0,0.0
T1556.005,Reversible Encryption,0,0,0,0,0.0,0,0.0
T1011,Exfiltration Over Other Network Medium,0,0,0,0,0.0,0,0.0
T1496.002,Bandwidth Hijacking,0,0,0,0,0.0,0,0.0
T1574.005,Executable Installer File Permissions Weakness,0,0,0,0,0.0,0,0.0
T1564.014,Extended Attributes,0,0,0,0,0.0,0,0.0
T1204.004,Malicious Copy and Paste,0,0,0,0,0.0,0,0.0
T1672,Email Spoofing,0,0,0,0,0.0,0,0.0
T1668,Exclusive Control,0,0,0,0,0.0,0,0.0
T1584.007,Serverless,0,0,0,0,0.0,0,0.0
T1600,Weaken Encryption,0,0,0,0,0.0,0,0.0
T1218.013,Mavinject,0,0,0,0,0.0,0,0.0
T1525,Implant Internal Image,0,0,0,0,0.0,0,0.0
T1599.001,Network Address Translation Traversal,0,0,0,0,0.0,0,0.0
T1548.005,Temporary Elevated Cloud Access,0,0,0,0,0.0,0,0.0
T1666,Modify Cloud Resource Hierarchy,0,0,0,0,0.0,0,0.0
T1588.007,Artificial Intelligence,0,0,0,0,0.0,0,0.0
T1547.007,Re-opened Applications,0,0,0,0,0.0,0,0.0
T1602.001,SNMP (MIB Dump),0,0,0,0,0.0,0,0.0
T1596.003,Digital Certificates,0,0,0,0,0.0,0,0.0
T1127,Trusted Developer Utilities Proxy Execution,0,0,0,0,0.0,0,0.0
T1578.004,Revert Cloud Instance,0,0,0,0,0.0,0,0.0
