Scenario_ID,AttackTree_ID,AttackTree_Key,Rtree,Rtree_worst,Rtree_full,LogRatio,Risk_Class
A,1,A-001,0.00010077695999999997,0.314928,0.00010077695999999997,0.0,Risk C
A,2,A-002,0.0002257403903999999,0.314928,8.062156799999997e-05,0.12449551947337785,Risk C
A,3,A-003,5.643509759999997e-05,0.102036672,2.015539199999999e-05,0.12071111431236753,Risk C
A,4,A-004,5.643509759999997e-05,0.102036672,2.015539199999999e-05,0.12071111431236753,Risk C
A,5,A-005,0.00010077695999999997,0.314928,0.00010077695999999997,0.0,Risk C
A,6,A-006,0.0002257403903999999,0.314928,8.062156799999997e-05,0.12449551947337785,Risk C
A,7,A-007,5.643509759999997e-05,0.102036672,2.015539199999999e-05,0.12071111431236753,Risk C
A,8,A-008,5.643509759999997e-05,0.102036672,2.015539199999999e-05,0.12071111431236753,Risk C
A,9,A-009,0.00010077695999999997,0.314928,0.00010077695999999997,0.0,Risk C
A,10,A-010,0.0002257403903999999,0.314928,8.062156799999997e-05,0.12449551947337785,Risk C
A,11,A-011,5.643509759999997e-05,0.102036672,2.015539199999999e-05,0.12071111431236753,Risk C
A,12,A-012,5.643509759999997e-05,0.102036672,2.015539199999999e-05,0.12071111431236753,Risk C
A,13,A-013,0.00010077695999999997,0.314928,0.00010077695999999997,0.0,Risk C
A,14,A-014,0.0002257403903999999,0.314928,8.062156799999997e-05,0.12449551947337785,Risk C
A,15,A-015,5.643509759999997e-05,0.102036672,2.015539199999999e-05,0.12071111431236753,Risk C
A,16,A-016,5.643509759999997e-05,0.102036672,2.015539199999999e-05,0.12071111431236753,Risk C
A,17,A-017,0.00010077695999999997,0.314928,0.00010077695999999997,0.0,Risk C
A,18,A-018,0.0002257403903999999,0.314928,8.062156799999997e-05,0.12449551947337785,Risk C
A,19,A-019,5.643509759999997e-05,0.102036672,2.015539199999999e-05,0.12071111431236753,Risk C
A,20,A-020,5.643509759999997e-05,0.102036672,2.015539199999999e-05,0.12071111431236753,Risk C
A,21,A-021,0.00010077695999999997,0.314928,0.00010077695999999997,0.0,Risk C
A,22,A-022,0.0002257403903999999,0.314928,8.062156799999997e-05,0.12449551947337785,Risk C
A,23,A-023,5.643509759999997e-05,0.102036672,2.015539199999999e-05,0.12071111431236753,Risk C
A,24,A-024,5.643509759999997e-05,0.102036672,2.015539199999999e-05,0.12071111431236753,Risk C
A,25,A-025,0.00010077695999999997,0.314928,0.00010077695999999997,0.0,Risk C
A,26,A-026,0.0002257403903999999,0.314928,8.062156799999997e-05,0.12449551947337785,Risk C
A,27,A-027,5.643509759999997e-05,0.102036672,2.015539199999999e-05,0.12071111431236753,Risk C
A,28,A-028,5.643509759999997e-05,0.102036672,2.015539199999999e-05,0.12071111431236753,Risk C
A,29,A-029,0.00010077695999999997,0.314928,0.00010077695999999997,0.0,Risk C
A,30,A-030,0.0002257403903999999,0.314928,8.062156799999997e-05,0.12449551947337785,Risk C
A,31,A-031,5.643509759999997e-05,0.102036672,2.015539199999999e-05,0.12071111431236753,Risk C
A,32,A-032,5.643509759999997e-05,0.102036672,2.015539199999999e-05,0.12071111431236753,Risk C
A,33,A-033,0.00010077695999999997,0.314928,0.00010077695999999997,0.0,Risk C
A,34,A-034,0.0002257403903999999,0.314928,8.062156799999997e-05,0.12449551947337785,Risk C
A,35,A-035,5.643509759999997e-05,0.102036672,2.015539199999999e-05,0.12071111431236753,Risk C
A,36,A-036,5.643509759999997e-05,0.102036672,2.015539199999999e-05,0.12071111431236753,Risk C
A,37,A-037,0.00010077695999999997,0.314928,0.00010077695999999997,0.0,Risk C
A,38,A-038,0.0002257403903999999,0.314928,8.062156799999997e-05,0.12449551947337785,Risk C
A,39,A-039,5.643509759999997e-05,0.102036672,2.015539199999999e-05,0.12071111431236753,Risk C
A,40,A-040,5.643509759999997e-05,0.102036672,2.015539199999999e-05,0.12071111431236753,Risk C
A,41,A-041,0.00010077695999999997,0.314928,0.00010077695999999997,0.0,Risk C
A,42,A-042,0.0002257403903999999,0.314928,8.062156799999997e-05,0.12449551947337785,Risk C
A,43,A-043,5.643509759999997e-05,0.102036672,2.015539199999999e-05,0.12071111431236753,Risk C
A,44,A-044,5.643509759999997e-05,0.102036672,2.015539199999999e-05,0.12071111431236753,Risk C
A,45,A-045,0.00010077695999999997,0.314928,0.00010077695999999997,0.0,Risk C
A,46,A-046,0.0002257403903999999,0.314928,8.062156799999997e-05,0.12449551947337785,Risk C
A,47,A-047,5.643509759999997e-05,0.102036672,2.015539199999999e-05,0.12071111431236753,Risk C
A,48,A-048,5.643509759999997e-05,0.102036672,2.015539199999999e-05,0.12071111431236753,Risk C
A,49,A-049,0.00014108774399999998,0.157464,5.0388479999999986e-05,0.12794770263911226,Risk C
A,50,A-050,0.0003160365465599999,0.157464,4.031078399999998e-05,0.24899103894675592,Risk C
A,51,A-051,7.900913663999998e-05,0.051018336,1.0077695999999996e-05,0.24142222862473528,Risk C
A,52,A-052,7.900913663999998e-05,0.051018336,1.0077695999999996e-05,0.24142222862473528,Risk C
A,53,A-053,0.00014108774399999998,0.157464,5.0388479999999986e-05,0.12794770263911226,Risk C
A,54,A-054,0.0003160365465599999,0.157464,4.031078399999998e-05,0.24899103894675592,Risk C
A,55,A-055,7.900913663999998e-05,0.051018336,1.0077695999999996e-05,0.24142222862473528,Risk C
A,56,A-056,7.900913663999998e-05,0.051018336,1.0077695999999996e-05,0.24142222862473528,Risk C
A,57,A-057,0.00014108774399999998,0.157464,5.0388479999999986e-05,0.12794770263911226,Risk C
A,58,A-058,0.0003160365465599999,0.157464,4.031078399999998e-05,0.24899103894675592,Risk C
A,59,A-059,7.900913663999998e-05,0.051018336,1.0077695999999996e-05,0.24142222862473528,Risk C
A,60,A-060,7.900913663999998e-05,0.051018336,1.0077695999999996e-05,0.24142222862473528,Risk C
A,61,A-061,0.00014108774399999998,0.157464,5.0388479999999986e-05,0.12794770263911226,Risk C
A,62,A-062,0.0003160365465599999,0.157464,4.031078399999998e-05,0.24899103894675592,Risk C
A,63,A-063,7.900913663999998e-05,0.051018336,1.0077695999999996e-05,0.24142222862473528,Risk C
A,64,A-064,7.900913663999998e-05,0.051018336,1.0077695999999996e-05,0.24142222862473528,Risk C
B,1,B-001,0.00032595048,0.236196,7.085879999999999e-05,0.18812961773648382,Risk C
B,2,B-002,0.0007301290751999999,0.236196,5.668703999999999e-05,0.30662448478032556,Risk C
B,3,B-003,0.00018253226879999998,0.076527504,1.4171759999999998e-05,0.29737373236751896,Risk C
B,4,B-004,0.00018253226879999998,0.076527504,1.4171759999999998e-05,0.29737373236751896,Risk C
B,5,B-005,0.00032595048,0.236196,7.085879999999999e-05,0.18812961773648382,Risk C
B,6,B-006,0.0007301290751999999,0.236196,5.668703999999999e-05,0.30662448478032556,Risk C
B,7,B-007,0.00018253226879999998,0.076527504,1.4171759999999998e-05,0.29737373236751896,Risk C
B,8,B-008,0.00018253226879999998,0.076527504,1.4171759999999998e-05,0.29737373236751896,Risk C
B,9,B-009,0.00032595048,0.236196,7.085879999999999e-05,0.18812961773648382,Risk C
B,10,B-010,0.0007301290751999999,0.236196,5.668703999999999e-05,0.30662448478032556,Risk C
B,11,B-011,0.00018253226879999998,0.076527504,1.4171759999999998e-05,0.29737373236751896,Risk C
B,12,B-012,0.00018253226879999998,0.076527504,1.4171759999999998e-05,0.29737373236751896,Risk C
B,13,B-013,0.00032595048,0.236196,7.085879999999999e-05,0.18812961773648382,Risk C
B,14,B-014,0.0007301290751999999,0.236196,5.668703999999999e-05,0.30662448478032556,Risk C
B,15,B-015,0.00018253226879999998,0.076527504,1.4171759999999998e-05,0.29737373236751896,Risk C
B,16,B-016,0.00018253226879999998,0.076527504,1.4171759999999998e-05,0.29737373236751896,Risk C
B,17,B-017,0.00032595048,0.236196,7.085879999999999e-05,0.18812961773648382,Risk C
B,18,B-018,0.0007301290751999999,0.236196,5.668703999999999e-05,0.30662448478032556,Risk C
B,19,B-019,0.00018253226879999998,0.076527504,1.4171759999999998e-05,0.29737373236751896,Risk C
B,20,B-020,0.00018253226879999998,0.076527504,1.4171759999999998e-05,0.29737373236751896,Risk C
B,21,B-021,0.00032595048,0.236196,7.085879999999999e-05,0.18812961773648382,Risk C
B,22,B-022,0.0007301290751999999,0.236196,5.668703999999999e-05,0.30662448478032556,Risk C
B,23,B-023,0.00018253226879999998,0.076527504,1.4171759999999998e-05,0.29737373236751896,Risk C
B,24,B-024,0.00018253226879999998,0.076527504,1.4171759999999998e-05,0.29737373236751896,Risk C
B,25,B-025,0.00032595048,0.236196,7.085879999999999e-05,0.18812961773648382,Risk C
B,26,B-026,0.0007301290751999999,0.236196,5.668703999999999e-05,0.30662448478032556,Risk C
B,27,B-027,0.00018253226879999998,0.076527504,1.4171759999999998e-05,0.29737373236751896,Risk C
B,28,B-028,0.00018253226879999998,0.076527504,1.4171759999999998e-05,0.29737373236751896,Risk C
B,29,B-029,0.00032595048,0.236196,7.085879999999999e-05,0.18812961773648382,Risk C
B,30,B-030,0.0007301290751999999,0.236196,5.668703999999999e-05,0.30662448478032556,Risk C
B,31,B-031,0.00018253226879999998,0.076527504,1.4171759999999998e-05,0.29737373236751896,Risk C
B,32,B-032,0.00018253226879999998,0.076527504,1.4171759999999998e-05,0.29737373236751896,Risk C
B,33,B-033,0.0014993722080000006,0.236196,7.085879999999999e-05,0.37625923547296786,Risk B
B,34,B-034,0.0033585937459200002,0.236196,5.668703999999999e-05,0.4897174429437067,Risk B
B,35,B-035,0.0008396484364800001,0.076527504,1.4171759999999998e-05,0.4749428406475118,Risk B
B,36,B-036,0.0008396484364800001,0.076527504,1.4171759999999998e-05,0.4749428406475118,Risk B
B,37,B-037,0.0014993722080000006,0.236196,7.085879999999999e-05,0.37625923547296786,Risk B
B,38,B-038,0.0033585937459200002,0.236196,5.668703999999999e-05,0.4897174429437067,Risk B
B,39,B-039,0.0008396484364800001,0.076527504,1.4171759999999998e-05,0.4749428406475118,Risk B
B,40,B-040,0.0008396484364800001,0.076527504,1.4171759999999998e-05,0.4749428406475118,Risk B
B,41,B-041,0.0014993722080000006,0.236196,7.085879999999999e-05,0.37625923547296786,Risk B
B,42,B-042,0.0033585937459200002,0.236196,5.668703999999999e-05,0.4897174429437067,Risk B
B,43,B-043,0.0008396484364800001,0.076527504,1.4171759999999998e-05,0.4749428406475118,Risk B
B,44,B-044,0.0008396484364800001,0.076527504,1.4171759999999998e-05,0.4749428406475118,Risk B
B,45,B-045,0.0014993722080000006,0.236196,7.085879999999999e-05,0.37625923547296786,Risk B
B,46,B-046,0.0033585937459200002,0.236196,5.668703999999999e-05,0.4897174429437067,Risk B
B,47,B-047,0.0008396484364800001,0.076527504,1.4171759999999998e-05,0.4749428406475118,Risk B
B,48,B-048,0.0008396484364800001,0.076527504,1.4171759999999998e-05,0.4749428406475118,Risk B
B,49,B-049,0.000456330672,0.118098,3.5429399999999997e-05,0.3150593430190485,Risk C
B,50,B-050,0.0010221807052799997,0.118098,2.8343519999999995e-05,0.43015601139727005,Risk B
B,51,B-051,0.0002555451763199999,0.038263752,7.085879999999999e-06,0.41717835645504525,Risk B
B,52,B-052,0.0002555451763199999,0.038263752,7.085879999999999e-06,0.41717835645504525,Risk B
B,53,B-053,0.000456330672,0.118098,3.5429399999999997e-05,0.3150593430190485,Risk C
B,54,B-054,0.0010221807052799997,0.118098,2.8343519999999995e-05,0.43015601139727005,Risk B
B,55,B-055,0.0002555451763199999,0.038263752,7.085879999999999e-06,0.41717835645504525,Risk B
B,56,B-056,0.0002555451763199999,0.038263752,7.085879999999999e-06,0.41717835645504525,Risk B
B,57,B-057,0.000456330672,0.118098,3.5429399999999997e-05,0.3150593430190485,Risk C
B,58,B-058,0.0010221807052799997,0.118098,2.8343519999999995e-05,0.43015601139727005,Risk B
B,59,B-059,0.0002555451763199999,0.038263752,7.085879999999999e-06,0.41717835645504525,Risk B
B,60,B-060,0.0002555451763199999,0.038263752,7.085879999999999e-06,0.41717835645504525,Risk B
B,61,B-061,0.000456330672,0.118098,3.5429399999999997e-05,0.3150593430190485,Risk C
B,62,B-062,0.0010221807052799997,0.118098,2.8343519999999995e-05,0.43015601139727005,Risk B
B,63,B-063,0.0002555451763199999,0.038263752,7.085879999999999e-06,0.41717835645504525,Risk B
B,64,B-064,0.0002555451763199999,0.038263752,7.085879999999999e-06,0.41717835645504525,Risk B
C,1,C-001,0.0005794675200000002,0.314928,0.0001259712,0.1950469490309186,Risk C
C,2,C-002,0.0012980072448,0.314928,0.00010077695999999997,0.31758612133238817,Risk C
C,3,C-003,0.0003245018112,0.102036672,2.5194239999999993e-05,0.3076728208338761,Risk C
C,4,C-004,0.0003245018112,0.102036672,2.5194239999999993e-05,0.3076728208338761,Risk C
C,5,C-005,0.0005794675200000002,0.314928,0.0001259712,0.1950469490309186,Risk C
C,6,C-006,0.0012980072448,0.314928,0.00010077695999999997,0.31758612133238817,Risk C
C,7,C-007,0.0003245018112,0.102036672,2.5194239999999993e-05,0.3076728208338761,Risk C
C,8,C-008,0.0003245018112,0.102036672,2.5194239999999993e-05,0.3076728208338761,Risk C
C,9,C-009,0.0005794675200000002,0.314928,0.0001259712,0.1950469490309186,Risk C
C,10,C-010,0.0012980072448,0.314928,0.00010077695999999997,0.31758612133238817,Risk C
C,11,C-011,0.0003245018112,0.102036672,2.5194239999999993e-05,0.3076728208338761,Risk C
C,12,C-012,0.0003245018112,0.102036672,2.5194239999999993e-05,0.3076728208338761,Risk C
C,13,C-013,0.0005794675200000002,0.314928,0.0001259712,0.1950469490309186,Risk C
C,14,C-014,0.0012980072448,0.314928,0.00010077695999999997,0.31758612133238817,Risk C
C,15,C-015,0.0003245018112,0.102036672,2.5194239999999993e-05,0.3076728208338761,Risk C
C,16,C-016,0.0003245018112,0.102036672,2.5194239999999993e-05,0.3076728208338761,Risk C
C,17,C-017,0.0001259712,0.314928,0.0001259712,0.0,Risk C
C,18,C-018,0.0002821754879999999,0.314928,0.00010077695999999997,0.12794770263911226,Risk C
C,19,C-019,7.054387199999998e-05,0.102036672,2.5194239999999993e-05,0.12395387564492737,Risk C
C,20,C-020,7.054387199999998e-05,0.102036672,2.5194239999999993e-05,0.12395387564492737,Risk C
C,21,C-021,0.0001259712,0.314928,0.0001259712,0.0,Risk C
C,22,C-022,0.0002821754879999999,0.314928,0.00010077695999999997,0.12794770263911226,Risk C
C,23,C-023,7.054387199999998e-05,0.102036672,2.5194239999999993e-05,0.12395387564492737,Risk C
C,24,C-024,7.054387199999998e-05,0.102036672,2.5194239999999993e-05,0.12395387564492737,Risk C
C,25,C-025,0.0001259712,0.314928,0.0001259712,0.0,Risk C
C,26,C-026,0.0002821754879999999,0.314928,0.00010077695999999997,0.12794770263911226,Risk C
C,27,C-027,7.054387199999998e-05,0.102036672,2.5194239999999993e-05,0.12395387564492737,Risk C
C,28,C-028,7.054387199999998e-05,0.102036672,2.5194239999999993e-05,0.12395387564492737,Risk C
C,29,C-029,0.0001259712,0.314928,0.0001259712,0.0,Risk C
C,30,C-030,0.0002821754879999999,0.314928,0.00010077695999999997,0.12794770263911226,Risk C
C,31,C-031,7.054387199999998e-05,0.102036672,2.5194239999999993e-05,0.12395387564492737,Risk C
C,32,C-032,7.054387199999998e-05,0.102036672,2.5194239999999993e-05,0.12395387564492737,Risk C
C,33,C-033,0.0001259712,0.314928,0.0001259712,0.0,Risk C
C,34,C-034,0.0002821754879999999,0.314928,0.00010077695999999997,0.12794770263911226,Risk C
C,35,C-035,7.054387199999998e-05,0.102036672,2.5194239999999993e-05,0.12395387564492737,Risk C
C,36,C-036,7.054387199999998e-05,0.102036672,2.5194239999999993e-05,0.12395387564492737,Risk C
C,37,C-037,0.0001259712,0.314928,0.0001259712,0.0,Risk C
C,38,C-038,0.0002821754879999999,0.314928,0.00010077695999999997,0.12794770263911226,Risk C
C,39,C-039,7.054387199999998e-05,0.102036672,2.5194239999999993e-05,0.12395387564492737,Risk C
C,40,C-040,7.054387199999998e-05,0.102036672,2.5194239999999993e-05,0.12395387564492737,Risk C
C,41,C-041,0.0001259712,0.314928,0.0001259712,0.0,Risk C
C,42,C-042,0.0002821754879999999,0.314928,0.00010077695999999997,0.12794770263911226,Risk C
C,43,C-043,7.054387199999998e-05,0.102036672,2.5194239999999993e-05,0.12395387564492737,Risk C
C,44,C-044,7.054387199999998e-05,0.102036672,2.5194239999999993e-05,0.12395387564492737,Risk C
C,45,C-045,0.0001259712,0.314928,0.0001259712,0.0,Risk C
C,46,C-046,0.0002821754879999999,0.314928,0.00010077695999999997,0.12794770263911226,Risk C
C,47,C-047,7.054387199999998e-05,0.102036672,2.5194239999999993e-05,0.12395387564492737,Risk C
C,48,C-048,7.054387199999998e-05,0.102036672,2.5194239999999993e-05,0.12395387564492737,Risk C
C,49,C-049,0.00017635968,0.157464,6.29856e-05,0.1315967998849322,Risk C
C,50,C-050,0.0003950456831999999,0.157464,5.0388479999999986e-05,0.2558954052782243,Risk C
C,51,C-051,9.876142079999997e-05,0.051018336,1.2597119999999996e-05,0.2479077512898545,Risk C
C,52,C-052,9.876142079999997e-05,0.051018336,1.2597119999999996e-05,0.2479077512898545,Risk C
C,53,C-053,0.00017635968,0.157464,6.29856e-05,0.1315967998849322,Risk C
C,54,C-054,0.0003950456831999999,0.157464,5.0388479999999986e-05,0.2558954052782243,Risk C
C,55,C-055,9.876142079999997e-05,0.051018336,1.2597119999999996e-05,0.2479077512898545,Risk C
C,56,C-056,9.876142079999997e-05,0.051018336,1.2597119999999996e-05,0.2479077512898545,Risk C
C,57,C-057,0.00017635968,0.157464,6.29856e-05,0.1315967998849322,Risk C
C,58,C-058,0.0003950456831999999,0.157464,5.0388479999999986e-05,0.2558954052782243,Risk C
C,59,C-059,9.876142079999997e-05,0.051018336,1.2597119999999996e-05,0.2479077512898545,Risk C
C,60,C-060,9.876142079999997e-05,0.051018336,1.2597119999999996e-05,0.2479077512898545,Risk C
C,61,C-061,0.00017635968,0.157464,6.29856e-05,0.1315967998849322,Risk C
C,62,C-062,0.0003950456831999999,0.157464,5.0388479999999986e-05,0.2558954052782243,Risk C
C,63,C-063,9.876142079999997e-05,0.051018336,1.2597119999999996e-05,0.2479077512898545,Risk C
C,64,C-064,9.876142079999997e-05,0.051018336,1.2597119999999996e-05,0.2479077512898545,Risk C
D,1,D-001,0.0013494349872000006,0.236196,6.377292e-05,0.37143479350754477,Risk B
D,2,D-002,0.0030227343713280005,0.236196,5.101833599999999e-05,0.4836042364114114,Risk B
D,3,D-003,0.0007556835928320001,0.076527504,1.2754583999999998e-05,0.469190770095656,Risk B
D,4,D-004,0.0007556835928320001,0.076527504,1.2754583999999998e-05,0.469190770095656,Risk B
D,5,D-005,0.0013494349872000006,0.236196,6.377292e-05,0.37143479350754477,Risk B
D,6,D-006,0.0030227343713280005,0.236196,5.101833599999999e-05,0.4836042364114114,Risk B
D,7,D-007,0.0007556835928320001,0.076527504,1.2754583999999998e-05,0.469190770095656,Risk B
D,8,D-008,0.0007556835928320001,0.076527504,1.2754583999999998e-05,0.469190770095656,Risk B
D,9,D-009,0.0013494349872000006,0.236196,6.377292e-05,0.37143479350754477,Risk B
D,10,D-010,0.0030227343713280005,0.236196,5.101833599999999e-05,0.4836042364114114,Risk B
D,11,D-011,0.0007556835928320001,0.076527504,1.2754583999999998e-05,0.469190770095656,Risk B
D,12,D-012,0.0007556835928320001,0.076527504,1.2754583999999998e-05,0.469190770095656,Risk B
D,13,D-013,0.0013494349872000006,0.236196,6.377292e-05,0.37143479350754477,Risk B
D,14,D-014,0.0030227343713280005,0.236196,5.101833599999999e-05,0.4836042364114114,Risk B
D,15,D-015,0.0007556835928320001,0.076527504,1.2754583999999998e-05,0.469190770095656,Risk B
D,16,D-016,0.0007556835928320001,0.076527504,1.2754583999999998e-05,0.469190770095656,Risk B
D,17,D-017,0.00029335543200000003,0.236196,6.377292e-05,0.18571739675377244,Risk C
D,18,D-018,0.0006571161676799999,0.236196,5.101833599999999e-05,0.3027968514576216,Risk C
D,19,D-019,0.00016427904191999997,0.076527504,1.2754583999999998e-05,0.2937722154217858,Risk C
D,20,D-020,0.00016427904191999997,0.076527504,1.2754583999999998e-05,0.2937722154217858,Risk C
D,21,D-021,0.00029335543200000003,0.236196,6.377292e-05,0.18571739675377244,Risk C
D,22,D-022,0.0006571161676799999,0.236196,5.101833599999999e-05,0.3027968514576216,Risk C
D,23,D-023,0.00016427904191999997,0.076527504,1.2754583999999998e-05,0.2937722154217858,Risk C
D,24,D-024,0.00016427904191999997,0.076527504,1.2754583999999998e-05,0.2937722154217858,Risk C
D,25,D-025,0.00029335543200000003,0.236196,6.377292e-05,0.18571739675377244,Risk C
D,26,D-026,0.0006571161676799999,0.236196,5.101833599999999e-05,0.3027968514576216,Risk C
D,27,D-027,0.00016427904191999997,0.076527504,1.2754583999999998e-05,0.2937722154217858,Risk C
D,28,D-028,0.00016427904191999997,0.076527504,1.2754583999999998e-05,0.2937722154217858,Risk C
D,29,D-029,0.00029335543200000003,0.236196,6.377292e-05,0.18571739675377244,Risk C
D,30,D-030,0.0006571161676799999,0.236196,5.101833599999999e-05,0.3027968514576216,Risk C
D,31,D-031,0.00016427904191999997,0.076527504,1.2754583999999998e-05,0.2937722154217858,Risk C
D,32,D-032,0.00016427904191999997,0.076527504,1.2754583999999998e-05,0.2937722154217858,Risk C
D,33,D-033,0.00029335543200000003,0.236196,6.377292e-05,0.18571739675377244,Risk C
D,34,D-034,0.0006571161676799999,0.236196,5.101833599999999e-05,0.3027968514576216,Risk C
D,35,D-035,0.00016427904191999997,0.076527504,1.2754583999999998e-05,0.2937722154217858,Risk C
D,36,D-036,0.00016427904191999997,0.076527504,1.2754583999999998e-05,0.2937722154217858,Risk C
D,37,D-037,0.00029335543200000003,0.236196,6.377292e-05,0.18571739675377244,Risk C
D,38,D-038,0.0006571161676799999,0.236196,5.101833599999999e-05,0.3027968514576216,Risk C
D,39,D-039,0.00016427904191999997,0.076527504,1.2754583999999998e-05,0.2937722154217858,Risk C
D,40,D-040,0.00016427904191999997,0.076527504,1.2754583999999998e-05,0.2937722154217858,Risk C
D,41,D-041,0.00029335543200000003,0.236196,6.377292e-05,0.18571739675377244,Risk C
D,42,D-042,0.0006571161676799999,0.236196,5.101833599999999e-05,0.3027968514576216,Risk C
D,43,D-043,0.00016427904191999997,0.076527504,1.2754583999999998e-05,0.2937722154217858,Risk C
D,44,D-044,0.00016427904191999997,0.076527504,1.2754583999999998e-05,0.2937722154217858,Risk C
D,45,D-045,0.00029335543200000003,0.236196,6.377292e-05,0.18571739675377244,Risk C
D,46,D-046,0.0006571161676799999,0.236196,5.101833599999999e-05,0.3027968514576216,Risk C
D,47,D-047,0.00016427904191999997,0.076527504,1.2754583999999998e-05,0.2937722154217858,Risk C
D,48,D-048,0.00016427904191999997,0.076527504,1.2754583999999998e-05,0.2937722154217858,Risk C
D,49,D-049,0.0004106976048000001,0.118098,3.188646e-05,0.3110196135645699,Risk C
D,50,D-050,0.000919962634752,0.118098,2.5509167999999995e-05,0.4247863179614532,Risk B
D,51,D-051,0.000229990658688,0.038263752,6.377291999999999e-06,0.4121258761697016,Risk B
D,52,D-052,0.000229990658688,0.038263752,6.377291999999999e-06,0.4121258761697016,Risk B
D,53,D-053,0.0004106976048000001,0.118098,3.188646e-05,0.3110196135645699,Risk C
D,54,D-054,0.000919962634752,0.118098,2.5509167999999995e-05,0.4247863179614532,Risk B
D,55,D-055,0.000229990658688,0.038263752,6.377291999999999e-06,0.4121258761697016,Risk B
D,56,D-056,0.000229990658688,0.038263752,6.377291999999999e-06,0.4121258761697016,Risk B
D,57,D-057,0.0004106976048000001,0.118098,3.188646e-05,0.3110196135645699,Risk C
D,58,D-058,0.000919962634752,0.118098,2.5509167999999995e-05,0.4247863179614532,Risk B
D,59,D-059,0.000229990658688,0.038263752,6.377291999999999e-06,0.4121258761697016,Risk B
D,60,D-060,0.000229990658688,0.038263752,6.377291999999999e-06,0.4121258761697016,Risk B
D,61,D-061,0.0004106976048000001,0.118098,3.188646e-05,0.3110196135645699,Risk C
D,62,D-062,0.000919962634752,0.118098,2.5509167999999995e-05,0.4247863179614532,Risk B
D,63,D-063,0.000229990658688,0.038263752,6.377291999999999e-06,0.4121258761697016,Risk B
D,64,D-064,0.000229990658688,0.038263752,6.377291999999999e-06,0.4121258761697016,Risk B
