No,Technique_ID,Freq_Group,Freq_Campaign,Freq_Software,Freq_Total,Freq_BinScore,No_Mitigation_Flag,No_PCD_Flag,Applicable,Freq_Group_Pct,Freq_Campaign_Pct,Freq_Software_Pct,Freq_Total_Pct,,TID_root,Tactic_ID,Ito_Threat_Category,Step
1,T1105,83,25,374,482,5,0,1,0,2.051,2.772,3.703,3.203,,T1105,command-and-control,Secondary Intrusion,S3
2,T1082,54,13,354,421,5,1,0,1,1.335,1.441,3.505,2.798,,T1082,discovery,Secondary Action,S2
3,T1071.001,55,18,317,390,5,0,1,0,1.359,1.996,3.138,2.592,,T1071,command-and-control,Secondary Intrusion,S3
4,T1059.003,68,14,280,362,5,0,1,0,1.681,1.552,2.772,2.405,,T1059,execution,Secondary Intrusion,S3
5,T1083,47,8,288,343,5,1,0,1,1.162,0.887,2.851,2.279,,T1083,discovery,Secondary Action,S2
6,T1140,36,11,256,303,5,1,1,0,0.89,1.22,2.534,2.013,,T1140,defense-evasion,Secondary Action,S2
7,T1057,36,8,246,290,5,1,0,1,0.89,0.887,2.435,1.927,,T1057,discovery,Secondary Action,S2
8,T1070.004,43,10,233,286,5,1,1,0,1.063,1.109,2.307,1.9,,T1070,defense-evasion,Secondary Action,S2
9,T1016,40,9,217,266,5,1,0,1,0.989,0.998,2.148,1.768,,T1016,discovery,Secondary Action,S2
10,T1547.001,54,3,187,244,5,1,0,1,1.335,0.333,1.851,1.621,,T1547,"persistence, privilege-escalation",Secondary Action,S2
11,T1033,37,6,177,220,5,1,0,1,0.914,0.665,1.752,1.462,,T1033,discovery,Secondary Action,S2
12,T1059.001,79,15,120,214,5,0,1,0,1.953,1.663,1.188,1.422,,T1059,execution,Secondary Intrusion,S3
13,T1005,43,13,156,212,5,0,0,1,1.063,1.441,1.544,1.409,,T1005,collection,Secondary Action,S2
14,T1027.013,36,10,157,203,5,0,1,0,0.89,1.109,1.554,1.349,,T1027,defense-evasion,Secondary Action,S2
15,T1106,16,4,176,196,5,0,1,0,0.395,0.443,1.742,1.302,,T1106,execution,Secondary Intrusion,S3
16,T1036.005,59,12,122,193,5,0,1,0,1.458,1.33,1.208,1.282,,T1036,defense-evasion,Secondary Action,S2
17,T1041,22,8,150,180,5,0,1,0,0.544,0.887,1.485,1.196,,T1041,exfiltration,Final Impact,S4
18,T1204.002,83,11,83,177,5,0,1,0,2.051,1.22,0.822,1.176,,T1204,execution,Secondary Intrusion,S3
19,T1053.005,52,11,108,171,5,0,0,1,1.285,1.22,1.069,1.136,,T1053,"execution, persistence, privilege-escalation",Secondary Action,S2
20,T1573.001,13,2,150,165,5,0,1,0,0.321,0.222,1.485,1.096,,T1573,command-and-control,Secondary Intrusion,S3
21,T1112,28,4,132,164,5,0,0,1,0.692,0.443,1.307,1.09,,T1112,"defense-evasion, persistence",Secondary Action,S2
22,T1113,18,0,145,163,5,1,0,1,0.445,0,1.436,1.083,,T1113,collection,Secondary Action,S2
23,T1027,18,3,127,148,5,0,1,0,0.445,0.333,1.257,0.983,,T1027,defense-evasion,Secondary Action,S2
24,T1056.001,26,3,117,146,5,1,0,1,0.643,0.333,1.158,0.97,,T1056,"collection, credential-access",Secondary Action,S2
25,T1566.001,77,9,54,140,5,0,1,0,1.903,0.998,0.535,0.93,,T1566,initial-access,Initial Access,S1
26,T1047,38,10,86,134,5,0,1,0,0.939,1.109,0.851,0.89,,T1047,execution,Secondary Intrusion,S3
27,T1543.003,25,4,102,131,5,0,0,1,0.618,0.443,1.01,0.87,,T1543,"persistence, privilege-escalation",Secondary Action,S2
28,T1518.001,24,3,100,127,5,1,0,1,0.593,0.333,0.99,0.844,,T1518,discovery,Secondary Action,S2
29,T1059.005,44,15,67,126,5,0,1,0,1.087,1.663,0.663,0.837,,T1059,execution,Secondary Intrusion,S3
30,T1132.001,11,1,107,119,5,0,1,0,0.272,0.111,1.059,0.791,,T1132,command-and-control,Secondary Intrusion,S3
31,T1074.001,26,10,82,118,5,1,0,1,0.643,1.109,0.812,0.784,,T1074,collection,Secondary Action,S2
32,T1012,18,1,95,114,5,1,0,1,0.445,0.111,0.941,0.758,,T1012,discovery,Secondary Action,S2
33,T1218.011,24,8,69,101,5,0,1,0,0.593,0.887,0.683,0.671,,T1218,defense-evasion,Secondary Action,S2
34,T1562.001,26,7,67,100,5,0,1,0,0.643,0.776,0.663,0.664,,T1562,defense-evasion,Secondary Action,S2
35,T1027.002,21,6,71,98,5,0,1,0,0.519,0.665,0.703,0.651,,T1027,defense-evasion,Secondary Action,S2
36,T1049,32,3,61,96,5,1,0,1,0.791,0.333,0.604,0.638,,T1049,discovery,Secondary Action,S2
37,T1095,9,7,80,96,5,0,1,0,0.222,0.776,0.792,0.638,,T1095,command-and-control,Secondary Intrusion,S3
38,T1588.002,75,21,0,96,5,0,1,0,1.854,2.328,0,0.638,,T1588,resource-development,Preparation,S0
39,T1018,37,8,50,95,5,1,0,1,0.914,0.887,0.495,0.631,,T1018,discovery,Secondary Action,S2
40,T1574.001,32,3,57,92,5,0,0,1,0.791,0.333,0.564,0.611,,T1574,"defense-evasion, persistence, privilege-escalation",Secondary Intrusion,S3
41,T1573.002,10,5,71,86,5,0,1,0,0.247,0.554,0.703,0.571,,T1573,command-and-control,Secondary Intrusion,S3
42,T1036.004,20,7,58,85,5,1,1,0,0.494,0.776,0.574,0.565,,T1036,defense-evasion,Secondary Action,S2
43,T1124,11,3,71,85,5,1,0,1,0.272,0.333,0.703,0.565,,T1124,discovery,Secondary Action,S2
44,T1555.003,23,2,59,84,5,0,1,0,0.568,0.222,0.584,0.558,,T1555,credential-access,Secondary Intrusion,S3
45,T1204.001,46,8,27,81,5,0,1,0,1.137,0.887,0.267,0.538,,T1204,execution,Secondary Intrusion,S3
46,T1055,14,5,60,79,5,0,1,0,0.346,0.554,0.594,0.525,,T1055,"defense-evasion, privilege-escalation",Secondary Action,S2
47,T1566.002,43,8,27,78,5,0,1,0,1.063,0.887,0.267,0.518,,T1566,initial-access,Initial Access,S1
48,T1486,14,3,58,75,5,0,1,0,0.346,0.333,0.574,0.498,,T1486,impact,Final Impact,S4
49,T1553.002,24,6,44,74,5,1,1,0,0.593,0.665,0.436,0.492,,T1553,defense-evasion,Secondary Action,S2
50,T1135,15,4,54,73,5,0,0,1,0.371,0.443,0.535,0.485,,T1135,discovery,Secondary Action,S2
51,T1560.001,36,10,27,73,5,0,0,1,0.89,1.109,0.267,0.485,,T1560,collection,Secondary Action,S2
52,T1003.001,39,6,25,70,5,0,1,0,0.964,0.665,0.248,0.465,,T1003,credential-access,Secondary Intrusion,S3
53,T1046,29,5,35,69,5,0,0,1,0.717,0.554,0.347,0.459,,T1046,discovery,Secondary Action,S2
54,T1119,20,4,44,68,5,0,0,1,0.494,0.443,0.436,0.452,,T1119,collection,Secondary Action,S2
55,T1569.002,14,3,50,67,5,0,1,0,0.346,0.333,0.495,0.445,,T1569,execution,Secondary Intrusion,S3
56,T1090,14,6,45,65,5,0,1,0,0.346,0.665,0.446,0.432,,T1090,command-and-control,Secondary Intrusion,S3
57,T1497.001,4,2,59,65,5,1,0,1,0.099,0.222,0.584,0.432,,T1497,"defense-evasion, discovery",Secondary Action,S2
58,T1007,14,2,47,63,5,1,0,1,0.346,0.222,0.465,0.419,,T1007,discovery,Secondary Action,S2
59,T1021.002,26,8,29,63,5,0,1,0,0.643,0.887,0.287,0.419,,T1021,lateral-movement,Secondary Action,S2
60,T1055.001,9,1,53,63,5,0,1,0,0.222,0.111,0.525,0.419,,T1055,"defense-evasion, privilege-escalation",Secondary Action,S2
61,T1190,39,17,7,63,5,0,1,0,0.964,1.885,0.069,0.419,,T1190,initial-access,Initial Access,S1
62,T1027.010,25,5,29,59,5,0,1,0,0.618,0.554,0.287,0.392,,T1027,defense-evasion,Secondary Action,S2
63,T1087.001,17,1,41,59,5,0,0,1,0.42,0.111,0.406,0.392,,T1087,discovery,Secondary Action,S2
64,T1505.003,29,11,19,59,5,0,0,1,0.717,1.22,0.188,0.392,,T1505,persistence,Secondary Action,S2
65,T1548.002,10,1,48,59,5,0,1,0,0.247,0.111,0.475,0.392,,T1548,"defense-evasion, privilege-escalation",Secondary Action,S2
66,T1021.001,33,7,17,57,5,0,1,0,0.816,0.776,0.168,0.379,,T1021,lateral-movement,Secondary Action,S2
67,T1059.007,23,5,29,57,5,0,1,0,0.568,0.554,0.287,0.379,,T1059,execution,Secondary Intrusion,S3
68,T1203,40,3,14,57,5,0,1,0,0.989,0.333,0.139,0.379,,T1203,execution,Secondary Intrusion,S3
69,T1036,19,6,30,55,5,0,1,0,0.47,0.665,0.297,0.365,,T1036,defense-evasion,Secondary Action,S2
70,T1078,41,8,6,55,5,0,0,1,1.013,0.887,0.059,0.365,,T1078,"defense-evasion, initial-access, persistence, privilege-escalation",Initial Access,S1
71,T1120,9,2,44,55,5,1,0,1,0.222,0.222,0.436,0.365,,T1120,discovery,Secondary Action,S2
72,T1583.001,38,14,3,55,5,0,1,0,0.939,1.552,0.03,0.365,,T1583,resource-development,Preparation,S0
73,T1560,13,0,41,54,5,0,0,1,0.321,0,0.406,0.359,,T1560,collection,Secondary Action,S2
74,T1564.001,11,1,42,54,5,1,1,0,0.272,0.111,0.416,0.359,,T1564,defense-evasion,Secondary Action,S2
75,T1070.006,9,3,41,53,5,1,1,0,0.222,0.333,0.406,0.352,,T1070,defense-evasion,Secondary Action,S2
76,T1071.004,11,1,41,53,5,0,1,0,0.272,0.111,0.406,0.352,,T1071,command-and-control,Secondary Intrusion,S3
77,T1087.002,24,4,25,53,5,0,0,1,0.593,0.443,0.248,0.352,,T1087,discovery,Secondary Action,S2
78,T1008,4,1,47,52,5,0,1,0,0.099,0.111,0.465,0.346,,T1008,command-and-control,Secondary Intrusion,S3
79,T1102.002,15,1,36,52,5,0,1,0,0.371,0.111,0.356,0.346,,T1102,command-and-control,Secondary Intrusion,S3
80,T1571,14,5,33,52,5,0,1,0,0.346,0.554,0.327,0.346,,T1571,command-and-control,Secondary Intrusion,S3
81,T1059.004,7,3,41,51,5,0,1,0,0.173,0.333,0.406,0.339,,T1059,execution,Secondary Intrusion,S3
82,T1490,3,0,45,48,5,0,1,0,0.074,0,0.446,0.319,,T1490,impact,Final Impact,S4
83,T1518,12,3,33,48,5,1,0,1,0.297,0.333,0.327,0.319,,T1518,discovery,Secondary Action,S2
84,T1059.006,15,3,29,47,5,0,1,0,0.371,0.333,0.287,0.312,,T1059,execution,Secondary Intrusion,S3
85,T1564.003,14,0,33,47,5,0,1,0,0.346,0,0.327,0.312,,T1564,defense-evasion,Secondary Action,S2
86,T1570,17,7,22,46,5,0,1,0,0.42,0.776,0.218,0.306,,T1570,lateral-movement,Secondary Action,S2
87,T1497.003,0,1,44,45,5,1,0,1,0,0.111,0.436,0.299,,T1497,"defense-evasion, discovery",Secondary Action,S2
88,T1489,5,0,39,44,5,0,1,0,0.124,0,0.386,0.292,,T1489,impact,Final Impact,S4
89,T1102,14,4,25,43,5,0,1,0,0.346,0.443,0.248,0.286,,T1102,command-and-control,Secondary Intrusion,S3
90,T1189,31,2,10,43,5,0,1,0,0.766,0.222,0.099,0.286,,T1189,initial-access,Initial Access,S1
91,T1115,3,1,38,42,5,1,0,1,0.074,0.111,0.376,0.279,,T1115,collection,Secondary Action,S2
92,T1059,16,4,21,41,5,0,1,0,0.395,0.443,0.208,0.272,,T1059,execution,Secondary Intrusion,S3
93,T1068,21,2,18,41,5,0,1,0,0.519,0.222,0.178,0.272,,T1068,privilege-escalation,Secondary Intrusion,S3
94,T1562.004,14,4,23,41,5,0,1,0,0.346,0.443,0.228,0.272,,T1562,defense-evasion,Secondary Action,S2
95,T1133,26,9,5,40,5,0,0,1,0.643,0.998,0.05,0.266,,T1133,"initial-access, persistence",Initial Access,S1
96,T1055.012,7,0,32,39,5,0,1,0,0.173,0,0.317,0.259,,T1055,"defense-evasion, privilege-escalation",Secondary Action,S2
97,T1070.001,13,1,25,39,5,0,1,0,0.321,0.111,0.248,0.259,,T1070,defense-evasion,Secondary Action,S2
98,T1560.003,6,1,31,38,5,1,0,1,0.148,0.111,0.307,0.253,,T1560,collection,Secondary Action,S2
99,T1567.002,20,3,14,37,5,0,1,0,0.494,0.333,0.139,0.246,,T1567,exfiltration,Final Impact,S4
100,T1555,12,1,22,35,5,0,1,0,0.297,0.111,0.218,0.233,,T1555,credential-access,Secondary Intrusion,S3
101,T1125,3,0,31,34,5,1,0,1,0.074,0,0.307,0.226,,T1125,collection,Secondary Action,S2
102,T1218.010,10,2,22,34,5,0,1,0,0.247,0.222,0.218,0.226,,T1218,defense-evasion,Secondary Action,S2
103,T1572,11,5,18,34,5,0,1,0,0.272,0.554,0.178,0.226,,T1572,command-and-control,Secondary Intrusion,S3
104,T1003.002,13,5,15,33,5,0,1,0,0.321,0.554,0.149,0.219,,T1003,credential-access,Secondary Intrusion,S3
105,T1010,3,0,30,33,5,1,0,1,0.074,0,0.297,0.219,,T1010,discovery,Secondary Action,S2
106,T1069.002,10,2,21,33,5,1,0,1,0.247,0.222,0.208,0.219,,T1069,discovery,Secondary Action,S2
107,T1090.003,9,4,20,33,5,0,1,0,0.222,0.443,0.198,0.219,,T1090,command-and-control,Secondary Intrusion,S3
108,T1480,2,1,30,33,5,0,1,0,0.049,0.111,0.297,0.219,,T1480,defense-evasion,Secondary Action,S2
109,T1552.001,14,1,18,33,5,0,1,0,0.346,0.111,0.178,0.219,,T1552,credential-access,Secondary Intrusion,S3
110,T1614.001,3,1,29,33,5,1,0,1,0.074,0.111,0.287,0.219,,T1614,discovery,Secondary Action,S2
111,T1608.001,24,8,0,32,5,0,1,0,0.593,0.887,0,0.213,,T1608,resource-development,Preparation,S0
112,T1069.001,7,3,21,31,5,1,0,1,0.173,0.333,0.208,0.206,,T1069,discovery,Secondary Action,S2
113,T1078.002,18,8,5,31,5,0,0,1,0.445,0.887,0.05,0.206,,T1078,"defense-evasion, initial-access, persistence, privilege-escalation",Initial Access,S1
114,T1090.001,9,3,19,31,5,0,1,0,0.222,0.333,0.188,0.206,,T1090,command-and-control,Secondary Intrusion,S3
115,T1123,1,0,30,31,5,1,0,1,0.025,0,0.297,0.206,,T1123,collection,Secondary Action,S2
116,T1587.001,19,12,0,31,5,0,1,0,0.47,1.33,0,0.206,,T1587,resource-development,Preparation,S0
117,T1027.011,2,1,27,30,5,0,1,0,0.049,0.111,0.267,0.199,,T1027,defense-evasion,Secondary Action,S2
118,T1048.003,9,1,20,30,5,0,1,0,0.222,0.111,0.198,0.199,,T1048,exfiltration,Final Impact,S4
119,T1070,3,2,25,30,5,0,1,0,0.074,0.222,0.248,0.199,,T1070,defense-evasion,Secondary Action,S2
120,T1218.005,17,2,11,30,5,0,1,0,0.42,0.222,0.109,0.199,,T1218,defense-evasion,Secondary Action,S2
121,T1482,8,3,19,30,5,0,0,1,0.198,0.333,0.188,0.199,,T1482,discovery,Secondary Action,S2
122,T1027.003,8,2,19,29,5,1,1,0,0.198,0.222,0.188,0.193,,T1027,defense-evasion,Secondary Action,S2
123,T1027.015,6,0,23,29,5,0,1,0,0.148,0,0.228,0.193,,T1027,defense-evasion,Secondary Action,S2
124,T1136.001,14,0,15,29,5,0,0,1,0.346,0,0.149,0.193,,T1136,persistence,Secondary Action,S2
125,T1485,4,1,24,29,5,0,1,0,0.099,0.111,0.238,0.193,,T1485,impact,Final Impact,S4
126,T1547.009,4,0,25,29,5,0,0,1,0.099,0,0.248,0.193,,T1547,"persistence, privilege-escalation",Secondary Action,S2
127,T1014,5,1,22,28,5,1,1,0,0.124,0.111,0.218,0.186,,T1014,defense-evasion,Secondary Action,S2
128,T1020,6,2,20,28,5,1,1,0,0.148,0.222,0.198,0.186,,T1020,exfiltration,Final Impact,S4
129,T1218.007,6,1,20,27,5,0,1,0,0.148,0.111,0.198,0.179,,T1218,defense-evasion,Secondary Action,S2
130,T1027.001,7,0,18,25,5,1,1,0,0.173,0,0.178,0.166,,T1027,defense-evasion,Secondary Action,S2
131,T1071.003,5,0,20,25,5,0,1,0,0.124,0,0.198,0.166,,T1071,command-and-control,Secondary Intrusion,S3
132,T1091,7,0,18,25,5,0,1,0,0.173,0,0.178,0.166,,T1091,"initial-access, lateral-movement",Initial Access,S1
133,T1529,3,0,22,25,5,1,1,0,0.074,0,0.218,0.166,,T1529,impact,Final Impact,S4
134,T1546.003,10,2,13,25,5,0,0,1,0.247,0.222,0.129,0.166,,T1546,"persistence, privilege-escalation",Secondary Action,S2
135,T1016.001,11,2,11,24,5,1,0,1,0.272,0.222,0.109,0.159,,T1016,discovery,Secondary Action,S2
136,T1021.004,17,3,4,24,5,0,1,0,0.42,0.333,0.04,0.159,,T1021,lateral-movement,Secondary Action,S2
137,T1025,4,0,20,24,5,0,0,1,0.099,0,0.198,0.159,,T1025,collection,Secondary Action,S2
138,T1040,7,2,15,24,5,0,0,1,0.173,0.222,0.149,0.159,,T1040,"credential-access, discovery",Secondary Action,S2
139,T1210,11,0,13,24,5,0,1,0,0.272,0,0.129,0.159,,T1210,lateral-movement,Secondary Action,S2
140,T1497,2,1,21,24,5,1,0,1,0.049,0.111,0.208,0.159,,T1497,"defense-evasion, discovery",Secondary Action,S2
141,T1539,8,1,15,24,5,0,1,0,0.198,0.111,0.149,0.159,,T1539,credential-access,Secondary Intrusion,S3
142,T1003.003,16,3,4,23,5,0,1,0,0.395,0.333,0.04,0.153,,T1003,credential-access,Secondary Intrusion,S3
143,T1217,6,2,15,23,5,1,0,1,0.148,0.222,0.149,0.153,,T1217,discovery,Secondary Action,S2
144,T1583.006,20,3,0,23,5,0,1,0,0.494,0.333,0,0.153,,T1583,resource-development,Preparation,S0
145,T1027.009,3,1,18,22,5,0,1,0,0.074,0.111,0.178,0.146,,T1027,defense-evasion,Secondary Action,S2
146,T1071.002,4,1,17,22,5,0,1,0,0.099,0.111,0.168,0.146,,T1071,command-and-control,Secondary Intrusion,S3
147,T1110,13,2,7,22,5,0,1,0,0.321,0.222,0.069,0.146,,T1110,credential-access,Secondary Intrusion,S3
148,T1134,3,1,18,22,5,0,1,0,0.074,0.111,0.178,0.146,,T1134,"defense-evasion, privilege-escalation",Secondary Action,S2
149,T1568.002,2,0,20,22,5,0,1,0,0.049,0,0.198,0.146,,T1568,command-and-control,Secondary Intrusion,S3
150,T1620,2,0,20,22,5,1,1,0,0.049,0,0.198,0.146,,T1620,defense-evasion,Secondary Action,S2
151,T1030,5,2,14,21,5,0,1,0,0.124,0.222,0.139,0.14,,T1030,exfiltration,Final Impact,S4
152,T1090.002,11,0,10,21,5,0,1,0,0.272,0,0.099,0.14,,T1090,command-and-control,Secondary Intrusion,S3
153,T1102.001,6,1,14,21,5,0,1,0,0.148,0.111,0.139,0.14,,T1102,command-and-control,Secondary Intrusion,S3
154,T1129,0,0,21,21,5,0,1,0,0,0,0.208,0.14,,T1129,execution,Secondary Intrusion,S3
155,T1219,13,2,6,21,5,0,1,0,0.321,0.222,0.059,0.14,,T1219,command-and-control,Secondary Intrusion,S3
156,T1585.002,16,5,0,21,5,0,1,0,0.395,0.554,0,0.14,,T1585,resource-development,Preparation,S0
157,T1078.003,12,3,5,20,5,0,0,1,0.297,0.333,0.05,0.133,,T1078,"defense-evasion, initial-access, persistence, privilege-escalation",Initial Access,S1
158,T1550.002,11,1,8,20,5,0,1,0,0.272,0.111,0.079,0.133,,T1550,"defense-evasion, lateral-movement",Secondary Action,S2
159,T1559.002,11,1,8,20,5,0,1,0,0.272,0.111,0.079,0.133,,T1559,execution,Secondary Intrusion,S3
160,T1568,6,6,8,20,5,0,1,0,0.148,0.665,0.079,0.133,,T1568,command-and-control,Secondary Intrusion,S3
161,T1003.004,10,0,9,19,5,0,1,0,0.247,0,0.089,0.126,,T1003,credential-access,Secondary Intrusion,S3
162,T1543.001,0,0,19,19,5,0,0,1,0,0,0.188,0.126,,T1543,"persistence, privilege-escalation",Secondary Action,S2
163,T1554,1,2,16,19,5,0,0,1,0.025,0.222,0.158,0.126,,T1554,persistence,Secondary Action,S2
164,T1583.003,13,6,0,19,5,0,1,0,0.321,0.665,0,0.126,,T1583,resource-development,Preparation,S0
165,T1622,0,1,18,19,5,1,0,1,0,0.111,0.178,0.126,,T1622,"defense-evasion, discovery",Secondary Action,S2
166,T1003,11,0,7,18,5,0,1,0,0.272,0,0.069,0.12,,T1003,credential-access,Secondary Intrusion,S3
167,T1027.016,4,0,14,18,5,0,1,0,0.099,0,0.139,0.12,,T1027,defense-evasion,Secondary Action,S2
168,T1029,1,0,17,18,5,0,1,0,0.025,0,0.168,0.12,,T1029,exfiltration,Final Impact,S4
169,T1114.001,6,1,11,18,5,0,0,1,0.148,0.111,0.109,0.12,,T1114,collection,Secondary Action,S2
170,T1114.002,12,2,4,18,5,0,0,1,0.297,0.222,0.04,0.12,,T1114,collection,Secondary Action,S2
171,T1588.001,13,5,0,18,5,0,1,0,0.321,0.554,0,0.12,,T1588,resource-development,Preparation,S0
172,T1001.003,2,1,14,17,5,0,1,0,0.049,0.111,0.139,0.113,,T1001,command-and-control,Secondary Intrusion,S3
173,T1027.005,6,2,9,17,5,1,1,0,0.148,0.222,0.089,0.113,,T1027,defense-evasion,Secondary Action,S2
174,T1134.001,2,1,14,17,5,0,1,0,0.049,0.111,0.139,0.113,,T1134,"defense-evasion, privilege-escalation",Secondary Action,S2
175,T1552.004,4,2,11,17,5,0,1,0,0.099,0.222,0.109,0.113,,T1552,credential-access,Secondary Intrusion,S3
176,T1559.001,2,0,15,17,5,0,1,0,0.049,0,0.149,0.113,,T1559,execution,Secondary Intrusion,S3
177,T1561.002,5,1,11,17,5,0,1,0,0.124,0.111,0.109,0.113,,T1561,impact,Final Impact,S4
178,T1573,4,2,11,17,5,0,1,0,0.099,0.222,0.109,0.113,,T1573,command-and-control,Secondary Intrusion,S3
179,T1001.001,1,0,15,16,5,0,1,0,0.025,0,0.149,0.106,,T1001,command-and-control,Secondary Intrusion,S3
180,T1053.003,3,1,12,16,5,0,0,1,0.074,0.111,0.119,0.106,,T1053,"execution, persistence, privilege-escalation",Secondary Action,S2
181,T1071,5,1,10,16,5,0,1,0,0.124,0.111,0.099,0.106,,T1071,command-and-control,Secondary Intrusion,S3
182,T1110.003,11,1,4,16,5,0,1,0,0.272,0.111,0.04,0.106,,T1110,credential-access,Secondary Intrusion,S3
183,T1561.001,2,1,13,16,5,0,1,0,0.049,0.111,0.129,0.106,,T1561,impact,Final Impact,S4
184,T1564.004,1,0,15,16,5,0,1,0,0.025,0,0.149,0.106,,T1564,defense-evasion,Secondary Action,S2
185,T1589.002,14,1,1,16,5,0,1,0,0.346,0.111,0.01,0.106,,T1589,reconnaissance,Preparation,S0
186,T1598.003,14,0,2,16,5,0,1,0,0.346,0,0.02,0.106,,T1598,reconnaissance,Preparation,S0
187,T1205,1,1,13,15,4,0,0,1,0.025,0.111,0.129,0.1,,T1205,"command-and-control, defense-evasion, persistence",Secondary Intrusion,S3
188,T1560.002,2,0,13,15,4,1,0,1,0.049,0,0.129,0.1,,T1560,collection,Secondary Action,S2
189,T1566.003,13,1,1,15,4,0,1,0,0.321,0.111,0.01,0.1,,T1566,initial-access,Initial Access,S1
190,T1584.004,10,5,0,15,4,0,1,0,0.247,0.554,0,0.1,,T1584,resource-development,Preparation,S0
191,T1585.001,13,2,0,15,4,0,1,0,0.321,0.222,0,0.1,,T1585,resource-development,Preparation,S0
192,T1614,2,0,13,15,4,1,0,1,0.049,0,0.129,0.1,,T1614,discovery,Secondary Action,S2
193,T1036.008,2,2,10,14,4,0,1,0,0.049,0.222,0.099,0.093,,T1036,defense-evasion,Secondary Action,S2
194,T1087.003,4,2,8,14,4,1,0,1,0.099,0.222,0.079,0.093,,T1087,discovery,Secondary Action,S2
195,T1104,4,0,10,14,4,0,1,0,0.099,0,0.099,0.093,,T1104,command-and-control,Secondary Intrusion,S3
196,T1132.002,0,0,14,14,4,0,1,0,0,0,0.139,0.093,,T1132,command-and-control,Secondary Intrusion,S3
197,T1185,1,0,13,14,4,0,0,1,0.025,0,0.129,0.093,,T1185,collection,Secondary Action,S2
198,T1222.002,3,1,10,14,4,0,1,0,0.074,0.111,0.099,0.093,,T1222,defense-evasion,Secondary Action,S2
199,T1496.001,4,1,9,14,4,1,1,0,0.099,0.111,0.089,0.093,,T1496,impact,Final Impact,S4
200,T1555.004,4,1,9,14,4,0,1,0,0.099,0.111,0.089,0.093,,T1555,credential-access,Secondary Intrusion,S3
201,T1595.002,13,1,0,14,4,0,1,0,0.321,0.111,0,0.093,,T1595,reconnaissance,Preparation,S0
202,T1001,1,1,11,13,4,0,1,0,0.025,0.111,0.109,0.086,,T1001,command-and-control,Secondary Intrusion,S3
203,T1001.002,1,1,11,13,4,0,1,0,0.025,0.111,0.109,0.086,,T1001,command-and-control,Secondary Intrusion,S3
204,T1039,8,1,4,13,4,1,0,1,0.198,0.111,0.04,0.086,,T1039,collection,Secondary Action,S2
205,T1056.002,2,0,11,13,4,0,0,1,0.049,0,0.109,0.086,,T1056,"collection, credential-access",Secondary Action,S2
206,T1070.009,0,0,13,13,4,0,1,0,0,0,0.129,0.086,,T1070,defense-evasion,Secondary Action,S2
207,T1074.002,10,2,1,13,4,1,0,1,0.247,0.222,0.01,0.086,,T1074,collection,Secondary Action,S2
208,T1195.002,9,1,3,13,4,0,1,0,0.222,0.111,0.03,0.086,,T1195,initial-access,Initial Access,S1
209,T1197,5,0,8,13,4,0,0,1,0.124,0,0.079,0.086,,T1197,"defense-evasion, persistence",Secondary Action,S2
210,T1055.004,1,0,11,12,4,0,1,0,0.025,0,0.109,0.08,,T1055,"defense-evasion, privilege-escalation",Secondary Action,S2
211,T1056.004,1,0,11,12,4,1,0,1,0.025,0,0.109,0.08,,T1056,"collection, credential-access",Secondary Action,S2
212,T1069,5,1,6,12,4,1,0,1,0.124,0.111,0.059,0.08,,T1069,discovery,Secondary Action,S2
213,T1078.004,7,2,3,12,4,0,0,1,0.173,0.222,0.03,0.08,,T1078,"defense-evasion, initial-access, persistence, privilege-escalation",Initial Access,S1
214,T1080,5,0,7,12,4,0,1,0,0.124,0,0.069,0.08,,T1080,lateral-movement,Secondary Action,S2
215,T1134.002,2,0,10,12,4,0,1,0,0.049,0,0.099,0.08,,T1134,"defense-evasion, privilege-escalation",Secondary Action,S2
216,T1199,11,1,0,12,4,0,1,0,0.272,0.111,0,0.08,,T1199,initial-access,Initial Access,S1
217,T1213,5,3,4,12,4,0,0,1,0.124,0.333,0.04,0.08,,T1213,collection,Secondary Action,S2
218,T1546.015,1,0,11,12,4,1,0,1,0.025,0,0.109,0.08,,T1546,"persistence, privilege-escalation",Secondary Action,S2
219,T1547.004,3,0,9,12,4,0,0,1,0.074,0,0.089,0.08,,T1547,"persistence, privilege-escalation",Secondary Action,S2
220,T1558.003,3,3,6,12,4,0,1,0,0.074,0.333,0.059,0.08,,T1558,credential-access,Secondary Intrusion,S3
221,T1559,0,1,11,12,4,0,1,0,0,0.111,0.109,0.08,,T1559,execution,Secondary Intrusion,S3
222,T1021.005,4,0,7,11,4,0,1,0,0.099,0,0.069,0.073,,T1021,lateral-movement,Secondary Action,S2
223,T1055.002,2,0,9,11,4,0,1,0,0.049,0,0.089,0.073,,T1055,"defense-evasion, privilege-escalation",Secondary Action,S2
224,T1056,3,2,6,11,4,1,0,1,0.074,0.222,0.059,0.073,,T1056,"collection, credential-access",Secondary Action,S2
225,T1098.007,7,0,4,11,4,1,0,1,0.173,0,0.04,0.073,,T1098,"persistence, privilege-escalation",Secondary Action,S2
226,T1110.001,2,0,9,11,4,0,1,0,0.049,0,0.089,0.073,,T1110,credential-access,Secondary Intrusion,S3
227,T1221,7,2,2,11,4,0,1,0,0.173,0.222,0.02,0.073,,T1221,defense-evasion,Secondary Action,S2
228,T1222.001,2,0,9,11,4,0,1,0,0.049,0,0.089,0.073,,T1222,defense-evasion,Secondary Action,S2
229,T1480.002,1,0,10,11,4,0,1,0,0.025,0,0.099,0.073,,T1480,defense-evasion,Secondary Action,S2
230,T1484.001,3,1,7,11,4,0,1,0,0.074,0.111,0.069,0.073,,T1484,"defense-evasion, privilege-escalation",Secondary Action,S2
231,T1491.001,3,0,8,11,4,0,1,0,0.074,0,0.079,0.073,,T1491,impact,Final Impact,S4
232,T1567,3,2,6,11,4,0,1,0,0.074,0.222,0.059,0.073,,T1567,exfiltration,Final Impact,S4
233,T1584.001,6,4,1,11,4,0,1,0,0.148,0.443,0.01,0.073,,T1584,resource-development,Preparation,S0
234,T1586.002,11,0,0,11,4,0,1,0,0.272,0,0,0.073,,T1586,resource-development,Preparation,S0
235,T1027.004,4,0,6,10,4,1,1,0,0.099,0,0.059,0.066,,T1027,defense-evasion,Secondary Action,S2
236,T1036.003,6,0,4,10,4,0,1,0,0.148,0,0.04,0.066,,T1036,defense-evasion,Secondary Action,S2
237,T1070.003,7,0,3,10,4,0,1,0,0.173,0,0.03,0.066,,T1070,defense-evasion,Secondary Action,S2
238,T1136.002,4,2,4,10,4,0,0,1,0.099,0.222,0.04,0.066,,T1136,persistence,Secondary Action,S2
239,T1543.002,2,1,7,10,4,0,0,1,0.049,0.111,0.069,0.066,,T1543,"persistence, privilege-escalation",Secondary Action,S2
240,T1562.006,2,0,8,10,4,0,1,0,0.049,0,0.079,0.066,,T1562,defense-evasion,Secondary Action,S2
241,T1574,0,2,8,10,4,0,0,1,0,0.222,0.079,0.066,,T1574,"defense-evasion, persistence, privilege-escalation",Secondary Intrusion,S3
242,T1583.004,6,4,0,10,4,0,1,0,0.148,0.443,0,0.066,,T1583,resource-development,Preparation,S0
243,T1588.003,6,3,1,10,4,0,1,0,0.148,0.333,0.01,0.066,,T1588,resource-development,Preparation,S0
244,T1656,7,2,1,10,4,0,1,0,0.173,0.222,0.01,0.066,,T1656,defense-evasion,Secondary Action,S2
245,T1657,9,0,1,10,4,0,1,0,0.222,0,0.01,0.066,,T1657,impact,Final Impact,S4
246,T1021.006,4,2,3,9,4,0,1,0,0.099,0.222,0.03,0.06,,T1021,lateral-movement,Secondary Action,S2
247,T1027.007,1,0,8,9,4,1,1,0,0.025,0,0.079,0.06,,T1027,defense-evasion,Secondary Action,S2
248,T1048,2,0,7,9,4,0,1,0,0.049,0,0.069,0.06,,T1048,exfiltration,Final Impact,S4
249,T1102.003,2,1,6,9,4,0,1,0,0.049,0.111,0.059,0.06,,T1102,command-and-control,Secondary Intrusion,S3
250,T1542.003,3,0,6,9,4,0,0,1,0.074,0,0.059,0.06,,T1542,"defense-evasion, persistence",Secondary Action,S2
251,T1543.004,0,0,9,9,4,0,0,1,0,0,0.089,0.06,,T1543,"persistence, privilege-escalation",Secondary Action,S2
252,T1552.002,2,0,7,9,4,0,1,0,0.049,0,0.069,0.06,,T1552,credential-access,Secondary Intrusion,S3
253,T1589,7,2,0,9,4,0,1,0,0.173,0.222,0,0.06,,T1589,reconnaissance,Preparation,S0
254,T1594,6,3,0,9,4,0,1,0,0.148,0.333,0,0.06,,T1594,reconnaissance,Preparation,S0
255,T1608.004,8,1,0,9,4,0,1,0,0.198,0.111,0,0.06,,T1608,resource-development,Preparation,S0
256,T1003.005,4,0,4,8,4,0,1,0,0.099,0,0.04,0.053,,T1003,credential-access,Secondary Intrusion,S3
257,T1036.001,2,0,6,8,4,0,1,0,0.049,0,0.059,0.053,,T1036,defense-evasion,Secondary Action,S2
258,T1070.002,4,0,4,8,4,0,1,0,0.099,0,0.04,0.053,,T1070,defense-evasion,Secondary Action,S2
259,T1074,4,0,4,8,4,1,0,1,0.099,0,0.04,0.053,,T1074,collection,Secondary Action,S2
260,T1111,4,2,2,8,4,0,1,0,0.099,0.222,0.02,0.053,,T1111,credential-access,Secondary Intrusion,S3
261,T1201,3,1,4,8,4,0,0,1,0.074,0.111,0.04,0.053,,T1201,discovery,Secondary Action,S2
262,T1213.002,6,1,1,8,4,0,0,1,0.148,0.111,0.01,0.053,,T1213,collection,Secondary Action,S2
263,T1219.002,6,2,0,8,4,0,1,0,0.148,0.222,0,0.053,,T1219,command-and-control,Secondary Intrusion,S3
264,T1480.001,2,0,6,8,4,0,1,0,0.049,0,0.059,0.053,,T1480,defense-evasion,Secondary Action,S2
265,T1530,4,1,3,8,4,0,0,1,0.099,0.111,0.03,0.053,,T1530,collection,Secondary Action,S2
266,T1555.001,0,0,8,8,4,0,1,0,0,0,0.079,0.053,,T1555,credential-access,Secondary Intrusion,S3
267,T1555.005,4,1,3,8,4,0,1,0,0.099,0.111,0.03,0.053,,T1555,credential-access,Secondary Intrusion,S3
268,T1566,5,0,3,8,4,0,1,0,0.124,0,0.03,0.053,,T1566,initial-access,Initial Access,S1
269,T1574.006,3,0,5,8,4,0,0,1,0.074,0,0.05,0.053,,T1574,"defense-evasion, persistence, privilege-escalation",Secondary Intrusion,S3
270,T1584.008,4,4,0,8,4,0,1,0,0.099,0.443,0,0.053,,T1584,resource-development,Preparation,S0
271,T1588.004,5,3,0,8,4,0,1,0,0.124,0.333,0,0.053,,T1588,resource-development,Preparation,S0
272,T1654,4,0,4,8,4,0,0,1,0.099,0,0.04,0.053,,T1654,discovery,Secondary Action,S2
273,T1021,3,0,4,7,3,0,1,0,0.074,0,0.04,0.047,,T1021,lateral-movement,Secondary Action,S2
274,T1036.010,4,1,2,7,3,0,1,0,0.099,0.111,0.02,0.047,,T1036,defense-evasion,Secondary Action,S2
275,T1052.001,2,0,5,7,3,0,1,0,0.049,0,0.05,0.047,,T1052,exfiltration,Final Impact,S4
276,T1176.001,1,0,6,7,3,0,0,1,0.025,0,0.059,0.047,,T1176,persistence,Secondary Action,S2
277,T1546.008,6,0,1,7,3,0,0,1,0.148,0,0.01,0.047,,T1546,"persistence, privilege-escalation",Secondary Action,S2
278,T1557.001,2,0,5,7,3,0,0,1,0.049,0,0.05,0.047,,T1557,"collection, credential-access",Secondary Action,S2
279,T1583,7,0,0,7,3,0,1,0,0.173,0,0,0.047,,T1583,resource-development,Preparation,S0
280,T1589.001,5,2,0,7,3,0,1,0,0.124,0.222,0,0.047,,T1589,reconnaissance,Preparation,S0
281,T1615,1,1,5,7,3,1,0,1,0.025,0.111,0.05,0.047,,T1615,discovery,Secondary Action,S2
282,T1003.006,2,3,1,6,3,0,1,0,0.049,0.333,0.01,0.04,,T1003,credential-access,Secondary Intrusion,S3
283,T1037.001,2,0,4,6,3,0,0,1,0.049,0,0.04,0.04,,T1037,"persistence, privilege-escalation",Secondary Action,S2
284,T1037.004,2,0,4,6,3,0,0,1,0.049,0,0.04,0.04,,T1037,"persistence, privilege-escalation",Secondary Action,S2
285,T1048.002,3,1,2,6,3,0,1,0,0.074,0.111,0.02,0.04,,T1048,exfiltration,Final Impact,S4
286,T1053.002,3,0,3,6,3,0,0,1,0.074,0,0.03,0.04,,T1053,"execution, persistence, privilege-escalation",Secondary Action,S2
287,T1059.010,1,0,5,6,3,0,1,0,0.025,0,0.05,0.04,,T1059,execution,Secondary Intrusion,S3
288,T1072,4,1,1,6,3,0,1,0,0.099,0.111,0.01,0.04,,T1072,"execution, lateral-movement",Secondary Action,S2
289,T1078.001,3,1,2,6,3,0,0,1,0.074,0.111,0.02,0.04,,T1078,"defense-evasion, initial-access, persistence, privilege-escalation",Initial Access,S1
290,T1087,2,1,3,6,3,0,0,1,0.049,0.111,0.03,0.04,,T1087,discovery,Secondary Action,S2
291,T1098.004,3,0,3,6,3,0,0,1,0.074,0,0.03,0.04,,T1098,"persistence, privilege-escalation",Secondary Action,S2
292,T1110.002,4,1,1,6,3,0,1,0,0.099,0.111,0.01,0.04,,T1110,credential-access,Secondary Intrusion,S3
293,T1114,4,0,2,6,3,0,0,1,0.099,0,0.02,0.04,,T1114,collection,Secondary Action,S2
294,T1132,1,0,5,6,3,0,1,0,0.025,0,0.05,0.04,,T1132,command-and-control,Secondary Intrusion,S3
295,T1218.001,5,0,1,6,3,0,1,0,0.124,0,0.01,0.04,,T1218,defense-evasion,Secondary Action,S2
296,T1218.004,2,0,4,6,3,0,1,0,0.049,0,0.04,0.04,,T1218,defense-evasion,Secondary Action,S2
297,T1531,2,0,4,6,3,1,1,0,0.049,0,0.04,0.04,,T1531,impact,Final Impact,S4
298,T1543,0,0,6,6,3,0,0,1,0,0,0.059,0.04,,T1543,"persistence, privilege-escalation",Secondary Action,S2
299,T1547,1,0,5,6,3,1,0,1,0.025,0,0.05,0.04,,T1547,"persistence, privilege-escalation",Secondary Action,S2
300,T1550.003,3,0,3,6,3,0,1,0,0.074,0,0.03,0.04,,T1550,"defense-evasion, lateral-movement",Secondary Action,S2
301,T1552,1,1,4,6,3,0,1,0,0.025,0.111,0.04,0.04,,T1552,credential-access,Secondary Intrusion,S3
302,T1553.001,0,0,6,6,3,0,1,0,0,0,0.059,0.04,,T1553,defense-evasion,Secondary Action,S2
303,T1557,2,1,3,6,3,0,0,1,0.049,0.111,0.03,0.04,,T1557,"collection, credential-access",Secondary Action,S2
304,T1562.002,2,3,1,6,3,0,1,0,0.049,0.333,0.01,0.04,,T1562,defense-evasion,Secondary Action,S2
305,T1562.003,2,1,3,6,3,0,1,0,0.049,0.111,0.03,0.04,,T1562,defense-evasion,Secondary Action,S2
306,T1564.005,2,0,4,6,3,1,1,0,0.049,0,0.04,0.04,,T1564,defense-evasion,Secondary Action,S2
307,T1568.001,3,0,3,6,3,1,1,0,0.074,0,0.03,0.04,,T1568,command-and-control,Secondary Intrusion,S3
308,T1569.001,0,0,6,6,3,0,1,0,0,0,0.059,0.04,,T1569,execution,Secondary Intrusion,S3
309,T1584.006,4,1,1,6,3,0,1,0,0.099,0.111,0.01,0.04,,T1584,resource-development,Preparation,S0
310,T1591,5,1,0,6,3,0,1,0,0.124,0.111,0,0.04,,T1591,reconnaissance,Preparation,S0
311,T1665,2,1,3,6,3,1,1,0,0.049,0.111,0.03,0.04,,T1665,command-and-control,Secondary Intrusion,S3
312,T1036.002,5,0,0,5,3,1,1,0,0.124,0,0,0.033,,T1036,defense-evasion,Secondary Action,S2
313,T1037,3,1,1,5,3,0,0,1,0.074,0.111,0.01,0.033,,T1037,"persistence, privilege-escalation",Secondary Action,S2
314,T1053,1,0,4,5,3,0,0,1,0.025,0,0.04,0.033,,T1053,"execution, persistence, privilege-escalation",Secondary Action,S2
315,T1056.003,1,2,2,5,3,0,0,1,0.025,0.222,0.02,0.033,,T1056,"collection, credential-access",Secondary Action,S2
316,T1059.002,0,0,5,5,3,0,1,0,0,0,0.05,0.033,,T1059,execution,Secondary Intrusion,S3
317,T1070.005,1,0,4,5,3,1,1,0,0.025,0,0.04,0.033,,T1070,defense-evasion,Secondary Action,S2
318,T1087.004,1,1,3,5,3,0,0,1,0.025,0.111,0.03,0.033,,T1087,discovery,Secondary Action,S2
319,T1090.004,1,0,4,5,3,0,1,0,0.025,0,0.04,0.033,,T1090,command-and-control,Secondary Intrusion,S3
320,T1098,2,1,2,5,3,0,0,1,0.049,0.111,0.02,0.033,,T1098,"persistence, privilege-escalation",Secondary Action,S2
321,T1098.002,3,2,0,5,3,0,0,1,0.074,0.222,0,0.033,,T1098,"persistence, privilege-escalation",Secondary Action,S2
322,T1134.003,2,0,3,5,3,0,1,0,0.049,0,0.03,0.033,,T1134,"defense-evasion, privilege-escalation",Secondary Action,S2
323,T1136,3,1,1,5,3,0,0,1,0.074,0.111,0.01,0.033,,T1136,persistence,Secondary Action,S2
324,T1195,3,0,2,5,3,0,1,0,0.074,0,0.02,0.033,,T1195,initial-access,Initial Access,S1
325,T1204,2,1,2,5,3,0,1,0,0.049,0.111,0.02,0.033,,T1204,execution,Secondary Intrusion,S3
326,T1528,2,1,2,5,3,0,1,0,0.049,0.111,0.02,0.033,,T1528,credential-access,Secondary Intrusion,S3
327,T1534,4,1,0,5,3,1,1,0,0.099,0.111,0,0.033,,T1534,lateral-movement,Secondary Action,S2
328,T1546.004,0,1,4,5,3,0,0,1,0,0.111,0.04,0.033,,T1546,"persistence, privilege-escalation",Secondary Action,S2
329,T1547.013,0,0,5,5,3,0,0,1,0,0,0.05,0.033,,T1547,"persistence, privilege-escalation",Secondary Action,S2
330,T1550.001,2,1,2,5,3,0,1,0,0.049,0.111,0.02,0.033,,T1550,"defense-evasion, lateral-movement",Secondary Action,S2
331,T1553.005,3,0,2,5,3,0,1,0,0.074,0,0.02,0.033,,T1553,defense-evasion,Secondary Action,S2
332,T1553.006,2,0,3,5,3,0,1,0,0.049,0,0.03,0.033,,T1553,defense-evasion,Secondary Action,S2
333,T1556,1,1,3,5,3,0,0,1,0.025,0.111,0.03,0.033,,T1556,"credential-access, defense-evasion, persistence",Secondary Action,S2
334,T1558.001,1,0,4,5,3,0,1,0,0.025,0,0.04,0.033,,T1558,credential-access,Secondary Intrusion,S3
335,T1562,2,0,3,5,3,0,1,0,0.049,0,0.03,0.033,,T1562,defense-evasion,Secondary Action,S2
336,T1562.009,0,0,5,5,3,0,1,0,0,0,0.05,0.033,,T1562,defense-evasion,Secondary Action,S2
337,T1564,0,0,5,5,3,0,1,0,0,0,0.05,0.033,,T1564,defense-evasion,Secondary Action,S2
338,T1564.011,1,0,4,5,3,1,1,0,0.025,0,0.04,0.033,,T1564,defense-evasion,Secondary Action,S2
339,T1587.003,2,3,0,5,3,0,1,0,0.049,0.333,0,0.033,,T1587,resource-development,Preparation,S0
340,T1598,5,0,0,5,3,0,1,0,0.124,0,0,0.033,,T1598,reconnaissance,Preparation,S0
341,T1609,1,0,4,5,3,0,1,0,0.025,0,0.04,0.033,,T1609,execution,Secondary Intrusion,S3
342,T1611,1,0,4,5,3,0,1,0,0.025,0,0.04,0.033,,T1611,privilege-escalation,Secondary Intrusion,S3
343,T1006,2,1,1,4,3,0,1,0,0.049,0.111,0.01,0.027,,T1006,defense-evasion,Secondary Action,S2
344,T1016.002,1,1,2,4,3,1,0,1,0.025,0.111,0.02,0.027,,T1016,discovery,Secondary Action,S2
345,T1036.007,1,0,3,4,3,0,1,0,0.025,0,0.03,0.027,,T1036,defense-evasion,Secondary Action,S2
346,T1055.003,0,0,4,4,3,0,1,0,0,0,0.04,0.027,,T1055,"defense-evasion, privilege-escalation",Secondary Action,S2
347,T1059.011,0,0,4,4,3,0,1,0,0,0,0.04,0.027,,T1059,execution,Secondary Intrusion,S3
348,T1069.003,0,1,3,4,3,1,0,1,0,0.111,0.03,0.027,,T1069,discovery,Secondary Action,S2
349,T1070.008,1,1,2,4,3,0,1,0,0.025,0.111,0.02,0.027,,T1070,defense-evasion,Secondary Action,S2
350,T1098.003,2,2,0,4,3,0,0,1,0.049,0.222,0,0.027,,T1098,"persistence, privilege-escalation",Secondary Action,S2
351,T1098.005,1,2,1,4,3,0,0,1,0.025,0.222,0.01,0.027,,T1098,"persistence, privilege-escalation",Secondary Action,S2
352,T1114.003,4,0,0,4,3,0,0,1,0.099,0,0,0.027,,T1114,collection,Secondary Action,S2
353,T1134.004,0,0,4,4,3,1,1,0,0,0,0.04,0.027,,T1134,"defense-evasion, privilege-escalation",Secondary Action,S2
354,T1137.006,1,0,3,4,3,0,0,1,0.025,0,0.03,0.027,,T1137,persistence,Secondary Action,S2
355,T1202,2,0,2,4,3,1,1,0,0.049,0,0.02,0.027,,T1202,defense-evasion,Secondary Action,S2
356,T1205.001,1,0,3,4,3,0,0,1,0.025,0,0.03,0.027,,T1205,"command-and-control, defense-evasion, persistence",Secondary Intrusion,S3
357,T1213.003,3,1,0,4,3,0,0,1,0.074,0.111,0,0.027,,T1213,collection,Secondary Action,S2
358,T1218.003,2,0,2,4,3,0,1,0,0.049,0,0.02,0.027,,T1218,defense-evasion,Secondary Action,S2
359,T1220,2,1,1,4,3,0,1,0,0.049,0.111,0.01,0.027,,T1220,defense-evasion,Secondary Action,S2
360,T1497.002,2,0,2,4,3,1,0,1,0.049,0,0.02,0.027,,T1497,"defense-evasion, discovery",Secondary Action,S2
361,T1505.004,0,1,3,4,3,0,0,1,0,0.111,0.03,0.027,,T1505,persistence,Secondary Action,S2
362,T1546,0,1,3,4,3,0,0,1,0,0.111,0.03,0.027,,T1546,"persistence, privilege-escalation",Secondary Action,S2
363,T1546.010,1,0,3,4,3,0,0,1,0.025,0,0.03,0.027,,T1546,"persistence, privilege-escalation",Secondary Action,S2
364,T1546.011,1,0,3,4,3,0,0,1,0.025,0,0.03,0.027,,T1546,"persistence, privilege-escalation",Secondary Action,S2
365,T1552.006,2,0,2,4,3,0,1,0,0.049,0,0.02,0.027,,T1552,credential-access,Secondary Intrusion,S3
366,T1553.004,0,0,4,4,3,0,1,0,0,0,0.04,0.027,,T1553,defense-evasion,Secondary Action,S2
367,T1558.002,0,0,4,4,3,0,1,0,0,0,0.04,0.027,,T1558,credential-access,Secondary Intrusion,S3
368,T1565.002,1,0,3,4,3,0,1,0,0.025,0,0.03,0.027,,T1565,impact,Final Impact,S4
369,T1584.005,4,0,0,4,3,0,1,0,0.099,0,0,0.027,,T1584,resource-development,Preparation,S0
370,T1585,4,0,0,4,3,0,1,0,0.099,0,0,0.027,,T1585,resource-development,Preparation,S0
371,T1587.002,3,1,0,4,3,0,1,0,0.074,0.111,0,0.027,,T1587,resource-development,Preparation,S0
372,T1591.004,3,1,0,4,3,0,1,0,0.074,0.111,0,0.027,,T1591,reconnaissance,Preparation,S0
373,T1593,4,0,0,4,3,0,1,0,0.099,0,0,0.027,,T1593,reconnaissance,Preparation,S0
374,T1598.002,4,0,0,4,3,0,1,0,0.099,0,0,0.027,,T1598,reconnaissance,Preparation,S0
375,T1610,1,0,3,4,3,0,1,0,0.025,0,0.03,0.027,,T1610,"defense-evasion, execution",Secondary Intrusion,S3
376,T1621,3,1,0,4,3,0,1,0,0.074,0.111,0,0.027,,T1621,credential-access,Secondary Intrusion,S3
377,T1003.007,0,0,3,3,2,0,1,0,0,0,0.03,0.02,,T1003,credential-access,Secondary Intrusion,S3
378,T1021.003,0,0,3,3,2,0,1,0,0,0,0.03,0.02,,T1021,lateral-movement,Secondary Action,S2
379,T1021.007,2,1,0,3,2,0,1,0,0.049,0.111,0,0.02,,T1021,lateral-movement,Secondary Action,S2
380,T1027.006,1,0,2,3,2,0,1,0,0.025,0,0.02,0.02,,T1027,defense-evasion,Secondary Action,S2
381,T1055.013,1,0,2,3,2,0,1,0,0.025,0,0.02,0.02,,T1055,"defense-evasion, privilege-escalation",Secondary Action,S2
382,T1059.009,2,0,1,3,2,0,1,0,0.049,0,0.01,0.02,,T1059,execution,Secondary Intrusion,S3
383,T1092,1,0,2,3,2,0,1,0,0.025,0,0.02,0.02,,T1092,command-and-control,Secondary Intrusion,S3
384,T1098.001,0,2,1,3,2,0,0,1,0,0.222,0.01,0.02,,T1098,"persistence, privilege-escalation",Secondary Action,S2
385,T1127.001,0,1,2,3,2,0,1,0,0,0.111,0.02,0.02,,T1127,defense-evasion,Secondary Action,S2
386,T1136.003,2,0,1,3,2,0,0,1,0.049,0,0.01,0.02,,T1136,persistence,Secondary Action,S2
387,T1137.001,1,0,2,3,2,0,0,1,0.025,0,0.02,0.02,,T1137,persistence,Secondary Action,S2
388,T1187,2,0,1,3,2,0,1,0,0.049,0,0.01,0.02,,T1187,credential-access,Secondary Intrusion,S3
389,T1205.002,0,0,3,3,2,0,0,1,0,0,0.03,0.02,,T1205,"command-and-control, defense-evasion, persistence",Secondary Intrusion,S3
390,T1213.005,3,0,0,3,2,0,0,1,0.074,0,0,0.02,,T1213,collection,Secondary Action,S2
391,T1218.008,1,0,2,3,2,0,1,0,0.025,0,0.02,0.02,,T1218,defense-evasion,Secondary Action,S2
392,T1484.002,1,1,1,3,2,0,1,0,0.025,0.111,0.01,0.02,,T1484,"defense-evasion, privilege-escalation",Secondary Action,S2
393,T1498,1,0,2,3,2,0,1,0,0.025,0,0.02,0.02,,T1498,impact,Final Impact,S4
394,T1499,1,0,2,3,2,0,1,0,0.025,0,0.02,0.02,,T1499,impact,Final Impact,S4
395,T1526,0,0,3,3,2,1,0,1,0,0,0.03,0.02,,T1526,discovery,Secondary Action,S2
396,T1542.001,0,0,3,3,2,0,0,1,0,0,0.03,0.02,,T1542,"defense-evasion, persistence",Secondary Action,S2
397,T1546.012,0,1,2,3,2,1,0,1,0,0.111,0.02,0.02,,T1546,"persistence, privilege-escalation",Secondary Action,S2
398,T1547.005,0,0,3,3,2,0,0,1,0,0,0.03,0.02,,T1547,"persistence, privilege-escalation",Secondary Action,S2
399,T1547.006,0,1,2,3,2,0,0,1,0,0.111,0.02,0.02,,T1547,"persistence, privilege-escalation",Secondary Action,S2
400,T1547.012,1,0,2,3,2,0,0,1,0.025,0,0.02,0.02,,T1547,"persistence, privilege-escalation",Secondary Action,S2
401,T1547.015,0,0,3,3,2,1,0,1,0,0,0.03,0.02,,T1547,"persistence, privilege-escalation",Secondary Action,S2
402,T1548.003,0,0,3,3,2,0,1,0,0,0,0.03,0.02,,T1548,"defense-evasion, privilege-escalation",Secondary Action,S2
403,T1552.005,1,0,2,3,2,0,1,0,0.025,0,0.02,0.02,,T1552,credential-access,Secondary Intrusion,S3
404,T1556.002,2,0,1,3,2,0,0,1,0.049,0,0.01,0.02,,T1556,"credential-access, defense-evasion, persistence",Secondary Action,S2
405,T1556.006,1,0,2,3,2,0,0,1,0.025,0,0.02,0.02,,T1556,"credential-access, defense-evasion, persistence",Secondary Action,S2
406,T1562.010,0,1,2,3,2,0,1,0,0,0.111,0.02,0.02,,T1562,defense-evasion,Secondary Action,S2
407,T1564.002,2,0,1,3,2,0,1,0,0.049,0,0.01,0.02,,T1564,defense-evasion,Secondary Action,S2
408,T1564.006,0,0,3,3,2,0,1,0,0,0,0.03,0.02,,T1564,defense-evasion,Secondary Action,S2
409,T1565.001,1,0,2,3,2,0,1,0,0.025,0,0.02,0.02,,T1565,impact,Final Impact,S4
410,T1574.007,0,0,3,3,2,0,0,1,0,0,0.03,0.02,,T1574,"defense-evasion, persistence, privilege-escalation",Secondary Intrusion,S3
411,T1578.002,2,1,0,3,2,0,1,0,0.049,0.111,0,0.02,,T1578,defense-evasion,Secondary Action,S2
412,T1583.002,3,0,0,3,2,0,1,0,0.074,0,0,0.02,,T1583,resource-development,Preparation,S0
413,T1583.005,3,0,0,3,2,0,1,0,0.074,0,0,0.02,,T1583,resource-development,Preparation,S0
414,T1584.003,2,1,0,3,2,0,1,0,0.049,0.111,0,0.02,,T1584,resource-development,Preparation,S0
415,T1588.006,2,1,0,3,2,0,1,0,0.049,0.111,0,0.02,,T1588,resource-development,Preparation,S0
416,T1589.003,3,0,0,3,2,0,1,0,0.074,0,0,0.02,,T1589,reconnaissance,Preparation,S0
417,T1590,3,0,0,3,2,0,1,0,0.074,0,0,0.02,,T1590,reconnaissance,Preparation,S0
418,T1590.004,3,0,0,3,2,0,1,0,0.074,0,0,0.02,,T1590,reconnaissance,Preparation,S0
419,T1590.005,3,0,0,3,2,0,1,0,0.074,0,0,0.02,,T1590,reconnaissance,Preparation,S0
420,T1591.002,3,0,0,3,2,0,1,0,0.074,0,0,0.02,,T1591,reconnaissance,Preparation,S0
421,T1592.002,3,0,0,3,2,0,1,0,0.074,0,0,0.02,,T1592,reconnaissance,Preparation,S0
422,T1593.001,2,1,0,3,2,0,1,0,0.049,0.111,0,0.02,,T1593,reconnaissance,Preparation,S0
423,T1596.005,2,1,0,3,2,0,1,0,0.049,0.111,0,0.02,,T1596,reconnaissance,Preparation,S0
424,T1598.004,2,1,0,3,2,0,1,0,0.049,0.111,0,0.02,,T1598,reconnaissance,Preparation,S0
425,T1608.002,1,2,0,3,2,0,1,0,0.025,0.222,0,0.02,,T1608,resource-development,Preparation,S0
426,T1613,1,0,2,3,2,0,0,1,0.025,0,0.02,0.02,,T1613,discovery,Secondary Action,S2
427,T1649,1,0,2,3,2,0,1,0,0.025,0,0.02,0.02,,T1649,credential-access,Secondary Intrusion,S3
428,T1651,1,0,2,3,2,0,1,0,0.025,0,0.02,0.02,,T1651,execution,Secondary Intrusion,S3
429,T1652,0,0,3,3,2,1,0,1,0,0,0.03,0.02,,T1652,discovery,Secondary Action,S2
430,T1653,0,1,2,3,2,0,0,1,0,0.111,0.02,0.02,,T1653,persistence,Secondary Action,S2
431,T1003.008,0,1,1,2,2,0,1,0,0,0.111,0.01,0.013,,T1003,credential-access,Secondary Intrusion,S3
432,T1027.008,0,0,2,2,2,1,1,0,0,0,0.02,0.013,,T1027,defense-evasion,Secondary Action,S2
433,T1036.006,1,0,1,2,2,1,1,0,0.025,0,0.01,0.013,,T1036,defense-evasion,Secondary Action,S2
434,T1055.011,0,0,2,2,2,0,1,0,0,0,0.02,0.013,,T1055,"defense-evasion, privilege-escalation",Secondary Action,S2
435,T1059.012,0,0,2,2,2,1,1,0,0,0,0.02,0.013,,T1059,execution,Secondary Intrusion,S3
436,T1070.007,1,0,1,2,2,0,1,0,0.025,0,0.01,0.013,,T1070,defense-evasion,Secondary Action,S2
437,T1110.004,1,0,1,2,2,0,1,0,0.025,0,0.01,0.013,,T1110,credential-access,Secondary Intrusion,S3
438,T1134.005,0,0,2,2,2,0,1,0,0,0,0.02,0.013,,T1134,"defense-evasion, privilege-escalation",Secondary Action,S2
439,T1137,2,0,0,2,2,0,0,1,0.049,0,0,0.013,,T1137,persistence,Secondary Action,S2
440,T1137.004,1,0,1,2,2,0,0,1,0.025,0,0.01,0.013,,T1137,persistence,Secondary Action,S2
441,T1211,2,0,0,2,2,0,1,0,0.049,0,0,0.013,,T1211,defense-evasion,Secondary Action,S2
442,T1218,2,0,0,2,2,0,1,0,0.049,0,0,0.013,,T1218,defense-evasion,Secondary Action,S2
443,T1218.002,0,0,2,2,2,0,1,0,0,0,0.02,0.013,,T1218,defense-evasion,Secondary Action,S2
444,T1491.002,2,0,0,2,2,0,1,0,0.049,0,0,0.013,,T1491,impact,Final Impact,S4
445,T1495,0,0,2,2,2,0,1,0,0,0,0.02,0.013,,T1495,impact,Final Impact,S4
446,T1505.001,0,1,1,2,2,0,0,1,0,0.111,0.01,0.013,,T1505,persistence,Secondary Action,S2
447,T1537,2,0,0,2,2,0,1,0,0.049,0,0,0.013,,T1537,exfiltration,Final Impact,S4
448,T1542.002,1,0,1,2,2,0,0,1,0.025,0,0.01,0.013,,T1542,"defense-evasion, persistence",Secondary Action,S2
449,T1546.001,1,0,1,2,2,1,0,1,0.025,0,0.01,0.013,,T1546,"persistence, privilege-escalation",Secondary Action,S2
450,T1547.008,0,0,2,2,2,0,0,1,0,0,0.02,0.013,,T1547,"persistence, privilege-escalation",Secondary Action,S2
451,T1548.001,0,0,2,2,2,0,1,0,0,0,0.02,0.013,,T1548,"defense-evasion, privilege-escalation",Secondary Action,S2
452,T1550,0,1,1,2,2,0,1,0,0,0.111,0.01,0.013,,T1550,"defense-evasion, lateral-movement",Secondary Action,S2
453,T1550.004,1,1,0,2,2,0,1,0,0.025,0.111,0,0.013,,T1550,"defense-evasion, lateral-movement",Secondary Action,S2
454,T1555.006,1,0,1,2,2,0,1,0,0.025,0,0.01,0.013,,T1555,credential-access,Secondary Intrusion,S3
455,T1556.001,1,0,1,2,2,0,0,1,0.025,0,0.01,0.013,,T1556,"credential-access, defense-evasion, persistence",Secondary Action,S2
456,T1556.003,0,0,2,2,2,0,0,1,0,0,0.02,0.013,,T1556,"credential-access, defense-evasion, persistence",Secondary Action,S2
457,T1556.004,0,0,2,2,2,0,0,1,0,0,0.02,0.013,,T1556,"credential-access, defense-evasion, persistence",Secondary Action,S2
458,T1556.007,1,0,1,2,2,0,0,1,0.025,0,0.01,0.013,,T1556,"credential-access, defense-evasion, persistence",Secondary Action,S2
459,T1557.002,2,0,0,2,2,0,0,1,0.049,0,0,0.013,,T1557,"collection, credential-access",Secondary Action,S2
460,T1562.008,1,0,1,2,2,0,1,0,0.025,0,0.01,0.013,,T1562,defense-evasion,Secondary Action,S2
461,T1563.002,1,0,1,2,2,0,1,0,0.025,0,0.01,0.013,,T1563,lateral-movement,Secondary Action,S2
462,T1564.008,2,0,0,2,2,0,1,0,0.049,0,0,0.013,,T1564,defense-evasion,Secondary Action,S2
463,T1564.009,0,0,2,2,2,0,1,0,0,0,0.02,0.013,,T1564,defense-evasion,Secondary Action,S2
464,T1564.010,0,0,2,2,2,1,1,0,0,0,0.02,0.013,,T1564,defense-evasion,Secondary Action,S2
465,T1566.004,1,1,0,2,2,0,1,0,0.025,0.111,0,0.013,,T1566,initial-access,Initial Access,S1
466,T1574.008,0,0,2,2,2,0,0,1,0,0,0.02,0.013,,T1574,"defense-evasion, persistence, privilege-escalation",Secondary Intrusion,S3
467,T1574.009,0,0,2,2,2,0,0,1,0,0,0.02,0.013,,T1574,"defense-evasion, persistence, privilege-escalation",Secondary Intrusion,S3
468,T1574.012,1,0,1,2,2,0,0,1,0.025,0,0.01,0.013,,T1574,"defense-evasion, persistence, privilege-escalation",Secondary Intrusion,S3
469,T1574.013,1,0,1,2,2,0,0,1,0.025,0,0.01,0.013,,T1574,"defense-evasion, persistence, privilege-escalation",Secondary Intrusion,S3
470,T1580,1,0,1,2,2,0,0,1,0.025,0,0.01,0.013,,T1580,discovery,Secondary Action,S2
471,T1583.008,1,0,1,2,2,0,1,0,0.025,0,0.01,0.013,,T1583,resource-development,Preparation,S0
472,T1584,0,2,0,2,2,0,1,0,0,0.222,0,0.013,,T1584,resource-development,Preparation,S0
473,T1584.002,2,0,0,2,2,0,1,0,0.049,0,0,0.013,,T1584,resource-development,Preparation,S0
474,T1585.003,1,1,0,2,2,0,1,0,0.025,0.111,0,0.013,,T1585,resource-development,Preparation,S0
475,T1586.001,2,0,0,2,2,0,1,0,0.049,0,0,0.013,,T1586,resource-development,Preparation,S0
476,T1586.003,1,1,0,2,2,0,1,0,0.025,0.111,0,0.013,,T1586,resource-development,Preparation,S0
477,T1587,2,0,0,2,2,0,1,0,0.049,0,0,0.013,,T1587,resource-development,Preparation,S0
478,T1587.004,2,0,0,2,2,0,1,0,0.049,0,0,0.013,,T1587,resource-development,Preparation,S0
479,T1588.005,2,0,0,2,2,0,1,0,0.049,0,0,0.013,,T1588,resource-development,Preparation,S0
480,T1590.001,1,0,1,2,2,0,1,0,0.025,0,0.01,0.013,,T1590,reconnaissance,Preparation,S0
481,T1593.002,1,1,0,2,2,0,1,0,0.025,0.111,0,0.013,,T1593,reconnaissance,Preparation,S0
482,T1593.003,2,0,0,2,2,0,1,0,0.049,0,0,0.013,,T1593,reconnaissance,Preparation,S0
483,T1595.001,2,0,0,2,2,0,1,0,0.049,0,0,0.013,,T1595,reconnaissance,Preparation,S0
484,T1595.003,2,0,0,2,2,0,1,0,0.049,0,0,0.013,,T1595,reconnaissance,Preparation,S0
485,T1596,2,0,0,2,2,0,1,0,0.049,0,0,0.013,,T1596,reconnaissance,Preparation,S0
486,T1599,1,1,0,2,2,0,1,0,0.025,0.111,0,0.013,,T1599,defense-evasion,Secondary Action,S2
487,T1606.002,0,1,1,2,2,0,1,0,0,0.111,0.01,0.013,,T1606,credential-access,Secondary Intrusion,S3
488,T1608.005,2,0,0,2,2,0,1,0,0.049,0,0,0.013,,T1608,resource-development,Preparation,S0
489,T1619,0,0,2,2,2,0,0,1,0,0,0.02,0.013,,T1619,discovery,Secondary Action,S2
490,T1647,0,0,2,2,2,0,1,0,0,0,0.02,0.013,,T1647,defense-evasion,Secondary Action,S2
491,T1659,1,0,1,2,2,0,1,0,0.025,0,0.01,0.013,,T1659,"command-and-control, initial-access",Secondary Intrusion,S3
492,T1669,1,1,0,2,2,0,1,0,0.025,0.111,0,0.013,,T1669,initial-access,Initial Access,S1
493,T1011.001,0,0,1,1,1,0,1,0,0,0,0.01,0.007,,T1011,exfiltration,Final Impact,S4
494,T1027.014,0,0,1,1,1,0,1,0,0,0,0.01,0.007,,T1027,defense-evasion,Secondary Action,S2
495,T1036.009,0,0,1,1,1,1,1,0,0,0,0.01,0.007,,T1036,defense-evasion,Secondary Action,S2
496,T1036.011,0,0,1,1,1,1,1,0,0,0,0.01,0.007,,T1036,defense-evasion,Secondary Action,S2
497,T1037.005,0,0,1,1,1,0,0,1,0,0,0.01,0.007,,T1037,"persistence, privilege-escalation",Secondary Action,S2
498,T1055.005,0,0,1,1,1,0,1,0,0,0,0.01,0.007,,T1055,"defense-evasion, privilege-escalation",Secondary Action,S2
499,T1055.008,0,0,1,1,1,0,1,0,0,0,0.01,0.007,,T1055,"defense-evasion, privilege-escalation",Secondary Action,S2
500,T1055.009,0,1,0,1,1,0,1,0,0,0.111,0,0.007,,T1055,"defense-evasion, privilege-escalation",Secondary Action,S2
501,T1055.015,0,0,1,1,1,0,1,0,0,0,0.01,0.007,,T1055,"defense-evasion, privilege-escalation",Secondary Action,S2
502,T1059.008,0,0,1,1,1,0,1,0,0,0,0.01,0.007,,T1059,execution,Secondary Intrusion,S3
503,T1071.005,0,0,1,1,1,0,1,0,0,0,0.01,0.007,,T1071,command-and-control,Secondary Intrusion,S3
504,T1137.002,1,0,0,1,1,0,0,1,0.025,0,0,0.007,,T1137,persistence,Secondary Action,S2
505,T1137.003,0,0,1,1,1,0,0,1,0,0,0.01,0.007,,T1137,persistence,Secondary Action,S2
506,T1137.005,0,0,1,1,1,0,0,1,0,0,0.01,0.007,,T1137,persistence,Secondary Action,S2
507,T1195.001,0,0,1,1,1,0,1,0,0,0,0.01,0.007,,T1195,initial-access,Initial Access,S1
508,T1200,1,0,0,1,1,0,1,0,0.025,0,0,0.007,,T1200,initial-access,Initial Access,S1
509,T1204.003,1,0,0,1,1,0,1,0,0.025,0,0,0.007,,T1204,execution,Secondary Intrusion,S3
510,T1207,0,0,1,1,1,1,1,0,0,0,0.01,0.007,,T1207,defense-evasion,Secondary Action,S2
511,T1212,0,1,0,1,1,0,1,0,0,0.111,0,0.007,,T1212,credential-access,Secondary Intrusion,S3
512,T1213.001,1,0,0,1,1,0,0,1,0.025,0,0,0.007,,T1213,collection,Secondary Action,S2
513,T1216.001,1,0,0,1,1,0,1,0,0.025,0,0,0.007,,T1216,defense-evasion,Secondary Action,S2
514,T1218.009,0,0,1,1,1,0,1,0,0,0,0.01,0.007,,T1218,defense-evasion,Secondary Action,S2
515,T1218.012,0,0,1,1,1,0,1,0,0,0,0.01,0.007,,T1218,defense-evasion,Secondary Action,S2
516,T1218.014,0,1,0,1,1,0,1,0,0,0.111,0,0.007,,T1218,defense-evasion,Secondary Action,S2
517,T1218.015,0,0,1,1,1,0,1,0,0,0,0.01,0.007,,T1218,defense-evasion,Secondary Action,S2
518,T1499.004,0,0,1,1,1,0,1,0,0,0,0.01,0.007,,T1499,impact,Final Impact,S4
519,T1505.002,0,0,1,1,1,0,0,1,0,0,0.01,0.007,,T1505,persistence,Secondary Action,S2
520,T1538,1,0,0,1,1,0,0,1,0.025,0,0,0.007,,T1538,discovery,Secondary Action,S2
521,T1546.002,0,0,1,1,1,0,0,1,0,0,0.01,0.007,,T1546,"persistence, privilege-escalation",Secondary Action,S2
522,T1546.007,0,0,1,1,1,1,0,1,0,0,0.01,0.007,,T1546,"persistence, privilege-escalation",Secondary Action,S2
523,T1546.009,0,0,1,1,1,0,0,1,0,0,0.01,0.007,,T1546,"persistence, privilege-escalation",Secondary Action,S2
524,T1546.013,1,0,0,1,1,0,0,1,0.025,0,0,0.007,,T1546,"persistence, privilege-escalation",Secondary Action,S2
525,T1546.016,0,0,1,1,1,1,0,1,0,0,0.01,0.007,,T1546,"persistence, privilege-escalation",Secondary Action,S2
526,T1547.002,0,0,1,1,1,0,0,1,0,0,0.01,0.007,,T1547,"persistence, privilege-escalation",Secondary Action,S2
527,T1547.014,0,0,1,1,1,1,0,1,0,0,0.01,0.007,,T1547,"persistence, privilege-escalation",Secondary Action,S2
528,T1548,0,0,1,1,1,0,1,0,0,0,0.01,0.007,,T1548,"defense-evasion, privilege-escalation",Secondary Action,S2
529,T1548.004,0,0,1,1,1,0,1,0,0,0,0.01,0.007,,T1548,"defense-evasion, privilege-escalation",Secondary Action,S2
530,T1548.006,0,0,1,1,1,0,1,0,0,0,0.01,0.007,,T1548,"defense-evasion, privilege-escalation",Secondary Action,S2
531,T1552.003,0,0,1,1,1,0,1,0,0,0,0.01,0.007,,T1552,credential-access,Secondary Intrusion,S3
532,T1552.007,0,0,1,1,1,0,1,0,0,0,0.01,0.007,,T1552,credential-access,Secondary Intrusion,S3
533,T1552.008,1,0,0,1,1,0,1,0,0.025,0,0,0.007,,T1552,credential-access,Secondary Intrusion,S3
534,T1553,1,0,0,1,1,0,1,0,0.025,0,0,0.007,,T1553,defense-evasion,Secondary Action,S2
535,T1555.002,0,0,1,1,1,1,1,0,0,0,0.01,0.007,,T1555,credential-access,Secondary Intrusion,S3
536,T1556.009,1,0,0,1,1,0,0,1,0.025,0,0,0.007,,T1556,"credential-access, defense-evasion, persistence",Secondary Action,S2
537,T1557.004,1,0,0,1,1,0,0,1,0.025,0,0,0.007,,T1557,"collection, credential-access",Secondary Action,S2
538,T1558,1,0,0,1,1,0,1,0,0.025,0,0,0.007,,T1558,credential-access,Secondary Intrusion,S3
539,T1558.004,0,0,1,1,1,0,1,0,0,0,0.01,0.007,,T1558,credential-access,Secondary Intrusion,S3
540,T1558.005,0,0,1,1,1,0,1,0,0,0,0.01,0.007,,T1558,credential-access,Secondary Intrusion,S3
541,T1562.007,0,0,1,1,1,0,1,0,0,0,0.01,0.007,,T1562,defense-evasion,Secondary Action,S2
542,T1562.012,0,0,1,1,1,0,1,0,0,0,0.01,0.007,,T1562,defense-evasion,Secondary Action,S2
543,T1564.012,1,0,0,1,1,0,1,0,0.025,0,0,0.007,,T1564,defense-evasion,Secondary Action,S2
544,T1564.013,0,1,0,1,1,1,1,0,0,0.111,0,0.007,,T1564,defense-evasion,Secondary Action,S2
545,T1565,1,0,0,1,1,0,1,0,0.025,0,0,0.007,,T1565,impact,Final Impact,S4
546,T1565.003,1,0,0,1,1,0,1,0,0.025,0,0,0.007,,T1565,impact,Final Impact,S4
547,T1567.001,0,0,1,1,1,0,1,0,0,0,0.01,0.007,,T1567,exfiltration,Final Impact,S4
548,T1568.003,1,0,0,1,1,1,1,0,0.025,0,0,0.007,,T1568,command-and-control,Secondary Intrusion,S3
549,T1569.003,1,0,0,1,1,0,1,0,0.025,0,0,0.007,,T1569,execution,Secondary Intrusion,S3
550,T1574.004,0,0,1,1,1,0,0,1,0,0,0.01,0.007,,T1574,"defense-evasion, persistence, privilege-escalation",Secondary Intrusion,S3
551,T1574.010,0,0,1,1,1,0,0,1,0,0,0.01,0.007,,T1574,"defense-evasion, persistence, privilege-escalation",Secondary Intrusion,S3
552,T1574.011,0,1,0,1,1,0,0,1,0,0.111,0,0.007,,T1574,"defense-evasion, persistence, privilege-escalation",Secondary Intrusion,S3
553,T1574.014,0,0,1,1,1,0,0,1,0,0,0.01,0.007,,T1574,"defense-evasion, persistence, privilege-escalation",Secondary Intrusion,S3
554,T1578.001,0,0,1,1,1,0,1,0,0,0,0.01,0.007,,T1578,defense-evasion,Secondary Action,S2
555,T1578.003,1,0,0,1,1,0,1,0,0.025,0,0,0.007,,T1578,defense-evasion,Secondary Action,S2
556,T1583.007,0,1,0,1,1,0,1,0,0,0.111,0,0.007,,T1583,resource-development,Preparation,S0
557,T1590.006,1,0,0,1,1,0,1,0,0.025,0,0,0.007,,T1590,reconnaissance,Preparation,S0
558,T1591.001,1,0,0,1,1,0,1,0,0.025,0,0,0.007,,T1591,reconnaissance,Preparation,S0
559,T1592,1,0,0,1,1,0,1,0,0.025,0,0,0.007,,T1592,reconnaissance,Preparation,S0
560,T1592.004,1,0,0,1,1,0,1,0,0.025,0,0,0.007,,T1592,reconnaissance,Preparation,S0
561,T1595,0,1,0,1,1,0,1,0,0,0.111,0,0.007,,T1595,reconnaissance,Preparation,S0
562,T1597,1,0,0,1,1,0,1,0,0.025,0,0,0.007,,T1597,reconnaissance,Preparation,S0
563,T1597.002,1,0,0,1,1,0,1,0,0.025,0,0,0.007,,T1597,reconnaissance,Preparation,S0
564,T1598.001,0,1,0,1,1,0,1,0,0,0.111,0,0.007,,T1598,reconnaissance,Preparation,S0
565,T1601.001,0,0,1,1,1,0,1,0,0,0,0.01,0.007,,T1601,defense-evasion,Secondary Action,S2
566,T1602.002,1,0,0,1,1,0,0,1,0.025,0,0,0.007,,T1602,collection,Secondary Action,S2
567,T1606.001,0,1,0,1,1,0,1,0,0,0.111,0,0.007,,T1606,credential-access,Secondary Intrusion,S3
568,T1608,1,0,0,1,1,0,1,0,0.025,0,0,0.007,,T1608,resource-development,Preparation,S0
569,T1608.003,1,0,0,1,1,0,1,0,0.025,0,0,0.007,,T1608,resource-development,Preparation,S0
570,T1608.006,1,0,0,1,1,0,1,0,0.025,0,0,0.007,,T1608,resource-development,Preparation,S0
571,T1648,0,0,1,1,1,0,1,0,0,0,0.01,0.007,,T1648,execution,Secondary Intrusion,S3
572,T1667,1,0,0,1,1,0,1,0,0.025,0,0,0.007,,T1667,impact,Final Impact,S4
573,T1673,0,0,1,1,1,1,0,1,0,0,0.01,0.007,,T1673,discovery,Secondary Action,S2
574,T1674,1,0,0,1,1,0,1,0,0.025,0,0,0.007,,T1674,execution,Secondary Intrusion,S3
575,T1011,0,0,0,0,0,0,1,0,0,0,0,0,,T1011,exfiltration,Final Impact,S4
576,T1020.001,0,0,0,0,0,0,1,0,0,0,0,0,,T1020,exfiltration,Final Impact,S4
577,T1021.008,0,0,0,0,0,0,1,0,0,0,0,0,,T1021,lateral-movement,Secondary Action,S2
578,T1027.012,0,0,0,0,0,0,1,0,0,0,0,0,,T1027,defense-evasion,Secondary Action,S2
579,T1027.017,0,0,0,0,0,0,1,0,0,0,0,0,,T1027,defense-evasion,Secondary Action,S2
580,T1037.002,0,0,0,0,0,0,0,1,0,0,0,0,,T1037,"persistence, privilege-escalation",Secondary Action,S2
581,T1037.003,0,0,0,0,0,0,0,1,0,0,0,0,,T1037,"persistence, privilege-escalation",Secondary Action,S2
582,T1048.001,0,0,0,0,0,0,1,0,0,0,0,0,,T1048,exfiltration,Final Impact,S4
583,T1052,0,0,0,0,0,0,1,0,0,0,0,0,,T1052,exfiltration,Final Impact,S4
584,T1053.006,0,0,0,0,0,0,0,1,0,0,0,0,,T1053,"execution, persistence, privilege-escalation",Secondary Action,S2
585,T1053.007,0,0,0,0,0,0,0,1,0,0,0,0,,T1053,"execution, persistence, privilege-escalation",Secondary Action,S2
586,T1055.014,0,0,0,0,0,0,1,0,0,0,0,0,,T1055,"defense-evasion, privilege-escalation",Secondary Action,S2
587,T1070.010,0,0,0,0,0,1,1,0,0,0,0,0,,T1070,defense-evasion,Secondary Action,S2
588,T1098.006,0,0,0,0,0,0,0,1,0,0,0,0,,T1098,"persistence, privilege-escalation",Secondary Action,S2
589,T1127,0,0,0,0,0,0,1,0,0,0,0,0,,T1127,defense-evasion,Secondary Action,S2
590,T1127.002,0,0,0,0,0,0,1,0,0,0,0,0,,T1127,defense-evasion,Secondary Action,S2
591,T1127.003,0,0,0,0,0,0,1,0,0,0,0,0,,T1127,defense-evasion,Secondary Action,S2
592,T1176,0,0,0,0,0,0,0,1,0,0,0,0,,T1176,persistence,Secondary Action,S2
593,T1176.002,0,0,0,0,0,0,0,1,0,0,0,0,,T1176,persistence,Secondary Action,S2
594,T1195.003,0,0,0,0,0,0,1,0,0,0,0,0,,T1195,initial-access,Initial Access,S1
595,T1204.004,0,0,0,0,0,0,1,0,0,0,0,0,,T1204,execution,Secondary Intrusion,S3
596,T1213.004,0,0,0,0,0,0,0,1,0,0,0,0,,T1213,collection,Secondary Action,S2
597,T1216,0,0,0,0,0,0,1,0,0,0,0,0,,T1216,defense-evasion,Secondary Action,S2
598,T1216.002,0,0,0,0,0,0,1,0,0,0,0,0,,T1216,defense-evasion,Secondary Action,S2
599,T1218.013,0,0,0,0,0,0,1,0,0,0,0,0,,T1218,defense-evasion,Secondary Action,S2
600,T1219.001,0,0,0,0,0,0,1,0,0,0,0,0,,T1219,command-and-control,Secondary Intrusion,S3
601,T1219.003,0,0,0,0,0,0,1,0,0,0,0,0,,T1219,command-and-control,Secondary Intrusion,S3
602,T1222,0,0,0,0,0,0,1,0,0,0,0,0,,T1222,defense-evasion,Secondary Action,S2
603,T1484,0,0,0,0,0,0,1,0,0,0,0,0,,T1484,"defense-evasion, privilege-escalation",Secondary Action,S2
604,T1485.001,0,0,0,0,0,0,1,0,0,0,0,0,,T1485,impact,Final Impact,S4
605,T1491,0,0,0,0,0,0,1,0,0,0,0,0,,T1491,impact,Final Impact,S4
606,T1496,0,0,0,0,0,1,1,0,0,0,0,0,,T1496,impact,Final Impact,S4
607,T1496.002,0,0,0,0,0,1,1,0,0,0,0,0,,T1496,impact,Final Impact,S4
608,T1496.003,0,0,0,0,0,0,1,0,0,0,0,0,,T1496,impact,Final Impact,S4
609,T1496.004,0,0,0,0,0,1,1,0,0,0,0,0,,T1496,impact,Final Impact,S4
610,T1498.001,0,0,0,0,0,0,1,0,0,0,0,0,,T1498,impact,Final Impact,S4
611,T1498.002,0,0,0,0,0,0,1,0,0,0,0,0,,T1498,impact,Final Impact,S4
612,T1499.001,0,0,0,0,0,0,1,0,0,0,0,0,,T1499,impact,Final Impact,S4
613,T1499.002,0,0,0,0,0,0,1,0,0,0,0,0,,T1499,impact,Final Impact,S4
614,T1499.003,0,0,0,0,0,0,1,0,0,0,0,0,,T1499,impact,Final Impact,S4
615,T1505,0,0,0,0,0,0,0,1,0,0,0,0,,T1505,persistence,Secondary Action,S2
616,T1505.005,0,0,0,0,0,0,0,1,0,0,0,0,,T1505,persistence,Secondary Action,S2
617,T1505.006,0,0,0,0,0,0,0,1,0,0,0,0,,T1505,persistence,Secondary Action,S2
618,T1525,0,0,0,0,0,0,0,1,0,0,0,0,,T1525,persistence,Secondary Action,S2
619,T1535,0,0,0,0,0,0,1,0,0,0,0,0,,T1535,defense-evasion,Secondary Action,S2
620,T1542,0,0,0,0,0,0,0,1,0,0,0,0,,T1542,"defense-evasion, persistence",Secondary Action,S2
621,T1542.004,0,0,0,0,0,0,0,1,0,0,0,0,,T1542,"defense-evasion, persistence",Secondary Action,S2
622,T1542.005,0,0,0,0,0,0,0,1,0,0,0,0,,T1542,"defense-evasion, persistence",Secondary Action,S2
623,T1543.005,0,0,0,0,0,0,0,1,0,0,0,0,,T1543,"persistence, privilege-escalation",Secondary Action,S2
624,T1546.005,0,0,0,0,0,1,0,1,0,0,0,0,,T1546,"persistence, privilege-escalation",Secondary Action,S2
625,T1546.006,0,0,0,0,0,0,0,1,0,0,0,0,,T1546,"persistence, privilege-escalation",Secondary Action,S2
626,T1546.014,0,0,0,0,0,0,0,1,0,0,0,0,,T1546,"persistence, privilege-escalation",Secondary Action,S2
627,T1546.017,0,0,0,0,0,1,0,1,0,0,0,0,,T1546,"persistence, privilege-escalation",Secondary Action,S2
628,T1547.003,0,0,0,0,0,0,0,1,0,0,0,0,,T1547,"persistence, privilege-escalation",Secondary Action,S2
629,T1547.007,0,0,0,0,0,0,0,1,0,0,0,0,,T1547,"persistence, privilege-escalation",Secondary Action,S2
630,T1547.010,0,0,0,0,0,1,0,1,0,0,0,0,,T1547,"persistence, privilege-escalation",Secondary Action,S2
631,T1548.005,0,0,0,0,0,0,1,0,0,0,0,0,,T1548,"defense-evasion, privilege-escalation",Secondary Action,S2
632,T1553.003,0,0,0,0,0,0,1,0,0,0,0,0,,T1553,defense-evasion,Secondary Action,S2
633,T1556.005,0,0,0,0,0,0,0,1,0,0,0,0,,T1556,"credential-access, defense-evasion, persistence",Secondary Action,S2
634,T1556.008,0,0,0,0,0,0,0,1,0,0,0,0,,T1556,"credential-access, defense-evasion, persistence",Secondary Action,S2
635,T1557.003,0,0,0,0,0,0,0,1,0,0,0,0,,T1557,"collection, credential-access",Secondary Action,S2
636,T1559.003,0,0,0,0,0,0,1,0,0,0,0,0,,T1559,execution,Secondary Intrusion,S3
637,T1561,0,0,0,0,0,0,1,0,0,0,0,0,,T1561,impact,Final Impact,S4
638,T1562.011,0,0,0,0,0,0,1,0,0,0,0,0,,T1562,defense-evasion,Secondary Action,S2
639,T1563,0,0,0,0,0,0,1,0,0,0,0,0,,T1563,lateral-movement,Secondary Action,S2
640,T1563.001,0,0,0,0,0,0,1,0,0,0,0,0,,T1563,lateral-movement,Secondary Action,S2
641,T1564.007,0,0,0,0,0,0,1,0,0,0,0,0,,T1564,defense-evasion,Secondary Action,S2
642,T1564.014,0,0,0,0,0,0,1,0,0,0,0,0,,T1564,defense-evasion,Secondary Action,S2
643,T1567.003,0,0,0,0,0,0,1,0,0,0,0,0,,T1567,exfiltration,Final Impact,S4
644,T1567.004,0,0,0,0,0,0,1,0,0,0,0,0,,T1567,exfiltration,Final Impact,S4
645,T1569,0,0,0,0,0,0,1,0,0,0,0,0,,T1569,execution,Secondary Intrusion,S3
646,T1574.005,0,0,0,0,0,0,0,1,0,0,0,0,,T1574,"defense-evasion, persistence, privilege-escalation",Secondary Intrusion,S3
647,T1578,0,0,0,0,0,0,1,0,0,0,0,0,,T1578,defense-evasion,Secondary Action,S2
648,T1578.004,0,0,0,0,0,1,1,0,0,0,0,0,,T1578,defense-evasion,Secondary Action,S2
649,T1578.005,0,0,0,0,0,0,1,0,0,0,0,0,,T1578,defense-evasion,Secondary Action,S2
650,T1584.007,0,0,0,0,0,0,1,0,0,0,0,0,,T1584,resource-development,Preparation,S0
651,T1586,0,0,0,0,0,0,1,0,0,0,0,0,,T1586,resource-development,Preparation,S0
652,T1588,0,0,0,0,0,0,1,0,0,0,0,0,,T1588,resource-development,Preparation,S0
653,T1588.007,0,0,0,0,0,0,1,0,0,0,0,0,,T1588,resource-development,Preparation,S0
654,T1590.002,0,0,0,0,0,0,1,0,0,0,0,0,,T1590,reconnaissance,Preparation,S0
655,T1590.003,0,0,0,0,0,0,1,0,0,0,0,0,,T1590,reconnaissance,Preparation,S0
656,T1591.003,0,0,0,0,0,0,1,0,0,0,0,0,,T1591,reconnaissance,Preparation,S0
657,T1592.001,0,0,0,0,0,0,1,0,0,0,0,0,,T1592,reconnaissance,Preparation,S0
658,T1592.003,0,0,0,0,0,0,1,0,0,0,0,0,,T1592,reconnaissance,Preparation,S0
659,T1596.001,0,0,0,0,0,0,1,0,0,0,0,0,,T1596,reconnaissance,Preparation,S0
660,T1596.002,0,0,0,0,0,0,1,0,0,0,0,0,,T1596,reconnaissance,Preparation,S0
661,T1596.003,0,0,0,0,0,0,1,0,0,0,0,0,,T1596,reconnaissance,Preparation,S0
662,T1596.004,0,0,0,0,0,0,1,0,0,0,0,0,,T1596,reconnaissance,Preparation,S0
663,T1597.001,0,0,0,0,0,0,1,0,0,0,0,0,,T1597,reconnaissance,Preparation,S0
664,T1599.001,0,0,0,0,0,0,1,0,0,0,0,0,,T1599,defense-evasion,Secondary Action,S2
665,T1600,0,0,0,0,0,1,1,0,0,0,0,0,,T1600,defense-evasion,Secondary Action,S2
666,T1600.001,0,0,0,0,0,1,1,0,0,0,0,0,,T1600,defense-evasion,Secondary Action,S2
667,T1600.002,0,0,0,0,0,1,1,0,0,0,0,0,,T1600,defense-evasion,Secondary Action,S2
668,T1601,0,0,0,0,0,0,1,0,0,0,0,0,,T1601,defense-evasion,Secondary Action,S2
669,T1601.002,0,0,0,0,0,0,1,0,0,0,0,0,,T1601,defense-evasion,Secondary Action,S2
670,T1602,0,0,0,0,0,0,0,1,0,0,0,0,,T1602,collection,Secondary Action,S2
671,T1602.001,0,0,0,0,0,0,0,1,0,0,0,0,,T1602,collection,Secondary Action,S2
672,T1606,0,0,0,0,0,0,1,0,0,0,0,0,,T1606,credential-access,Secondary Intrusion,S3
673,T1612,0,0,0,0,0,0,1,0,0,0,0,0,,T1612,defense-evasion,Secondary Action,S2
674,T1650,0,0,0,0,0,0,1,0,0,0,0,0,,T1650,resource-development,Preparation,S0
675,T1666,0,0,0,0,0,0,1,0,0,0,0,0,,T1666,defense-evasion,Secondary Action,S2
676,T1668,0,0,0,0,0,1,0,1,0,0,0,0,,T1668,persistence,Secondary Action,S2
677,T1671,0,0,0,0,0,0,0,1,0,0,0,0,,T1671,persistence,Secondary Action,S2
678,T1672,0,0,0,0,0,0,1,0,0,0,0,0,,T1672,defense-evasion,Secondary Action,S2
679,T1675,0,0,0,0,0,0,1,0,0,0,0,0,,T1675,execution,Secondary Intrusion,S3
