Scenario_ID,AttackTree_ID,AttackTree_Key,Step,Step_num,Technique_ID,Technique_Name,Asset,Pi,Mi_Current,Ci,Qi_Current,Qhat_i_Current,Ri_Current,Mi_Full,Qhat_i_Full,Ri_Full,Mi_Worst,Qhat_i_Worst,Ri_Worst,Rtree_Current,Rtree_Full,Rtree_Worst,Log_Ratio,Risk_Class,Risk_B_Flag,High_Mi_Flag,High_Qhat_Flag,Formula_Check
B,1,B-001,S1,1,T1190,Exploit Public-Facing Application,VDI AuthServer,0.900000,0.460000,1.500000,0.414000,0.621000,0.621000,0.100000,0.135000,0.135000,0.900000,1.000000,1.000000,,,,,,0,1,1,0.000000
B,1,B-001,S2,2,T1021.007,Cloud Services,VDI AuthServer,0.360000,0.100000,1.500000,0.036000,0.054000,0.033534,0.100000,0.054000,0.007290,0.900000,0.486000,0.486000,,,,,,0,0,0,0.000000
B,1,B-001,S3,3,T1059.009,Cloud API,VDI Server,0.360000,0.100000,1.500000,0.036000,0.054000,0.001811,0.100000,0.054000,0.000394,0.900000,0.486000,0.236196,,,,,,0,0,0,0.000000
B,1,B-001,S4,4,T1486,Data Encrypted for Impact,Business Server OnCloud,0.900000,0.100000,2.000000,0.090000,0.180000,0.000326,0.100000,0.180000,0.000071,0.900000,1.000000,0.236196,0.000326,0.000071,0.236196,0.188130,Risk C,0,0,0,0.000000
B,2,B-002,S1,1,T1190,Exploit Public-Facing Application,VDI AuthServer,0.900000,0.460000,1.500000,0.414000,0.621000,0.621000,0.100000,0.135000,0.135000,0.900000,1.000000,1.000000,,,,,,0,1,1,0.000000
B,2,B-002,S2,2,T1021.007,Cloud Services,VDI AuthServer,0.360000,0.100000,1.500000,0.036000,0.054000,0.033534,0.100000,0.054000,0.007290,0.900000,0.486000,0.486000,,,,,,0,0,0,0.000000
B,2,B-002,S3,3,T1059.009,Cloud API,VDI Server,0.360000,0.100000,1.500000,0.036000,0.054000,0.001811,0.100000,0.054000,0.000394,0.900000,0.486000,0.236196,,,,,,0,0,0,0.000000
B,2,B-002,S4,4,T1496.001,Compute Hijacking,Business Server OnCloud,0.720000,0.280000,2.000000,0.201600,0.403200,0.000730,0.100000,0.144000,0.000057,0.900000,1.000000,0.236196,0.000730,0.000057,0.236196,0.306624,Risk C,0,1,1,0.000000
B,3,B-003,S1,1,T1190,Exploit Public-Facing Application,VDI AuthServer,0.900000,0.460000,1.500000,0.414000,0.621000,0.621000,0.100000,0.135000,0.135000,0.900000,1.000000,1.000000,,,,,,0,1,1,0.000000
B,3,B-003,S2,2,T1021.007,Cloud Services,VDI AuthServer,0.360000,0.100000,1.500000,0.036000,0.054000,0.033534,0.100000,0.054000,0.007290,0.900000,0.486000,0.486000,,,,,,0,0,0,0.000000
B,3,B-003,S3,3,T1059.009,Cloud API,VDI Server,0.360000,0.100000,1.500000,0.036000,0.054000,0.001811,0.100000,0.054000,0.000394,0.900000,0.486000,0.236196,,,,,,0,0,0,0.000000
B,3,B-003,S4,4,T1496.002,Bandwidth Hijacking,Business Server OnCloud,0.180000,0.280000,2.000000,0.050400,0.100800,0.000183,0.100000,0.036000,0.000014,0.900000,0.324000,0.076528,0.000183,0.000014,0.076528,0.297374,Risk C,0,1,0,0.000000
B,4,B-004,S1,1,T1190,Exploit Public-Facing Application,VDI AuthServer,0.900000,0.460000,1.500000,0.414000,0.621000,0.621000,0.100000,0.135000,0.135000,0.900000,1.000000,1.000000,,,,,,0,1,1,0.000000
B,4,B-004,S2,2,T1021.007,Cloud Services,VDI AuthServer,0.360000,0.100000,1.500000,0.036000,0.054000,0.033534,0.100000,0.054000,0.007290,0.900000,0.486000,0.486000,,,,,,0,0,0,0.000000
B,4,B-004,S3,3,T1059.009,Cloud API,VDI Server,0.360000,0.100000,1.500000,0.036000,0.054000,0.001811,0.100000,0.054000,0.000394,0.900000,0.486000,0.236196,,,,,,0,0,0,0.000000
B,4,B-004,S4,4,T1496.004,Cloud Service Hijacking,Business Server OnCloud,0.180000,0.280000,2.000000,0.050400,0.100800,0.000183,0.100000,0.036000,0.000014,0.900000,0.324000,0.076528,0.000183,0.000014,0.076528,0.297374,Risk C,0,1,0,0.000000
B,5,B-005,S1,1,T1190,Exploit Public-Facing Application,VDI AuthServer,0.900000,0.460000,1.500000,0.414000,0.621000,0.621000,0.100000,0.135000,0.135000,0.900000,1.000000,1.000000,,,,,,0,1,1,0.000000
B,5,B-005,S2,2,T1021.007,Cloud Services,VDI AuthServer,0.360000,0.100000,1.500000,0.036000,0.054000,0.033534,0.100000,0.054000,0.007290,0.900000,0.486000,0.486000,,,,,,0,0,0,0.000000
B,5,B-005,S3,3,T1484.002,Trust Modification,VDI Server,0.360000,0.100000,1.500000,0.036000,0.054000,0.001811,0.100000,0.054000,0.000394,0.900000,0.486000,0.236196,,,,,,0,0,0,0.000000
B,5,B-005,S4,4,T1486,Data Encrypted for Impact,Business Server OnCloud,0.900000,0.100000,2.000000,0.090000,0.180000,0.000326,0.100000,0.180000,0.000071,0.900000,1.000000,0.236196,0.000326,0.000071,0.236196,0.188130,Risk C,0,0,0,0.000000
B,6,B-006,S1,1,T1190,Exploit Public-Facing Application,VDI AuthServer,0.900000,0.460000,1.500000,0.414000,0.621000,0.621000,0.100000,0.135000,0.135000,0.900000,1.000000,1.000000,,,,,,0,1,1,0.000000
B,6,B-006,S2,2,T1021.007,Cloud Services,VDI AuthServer,0.360000,0.100000,1.500000,0.036000,0.054000,0.033534,0.100000,0.054000,0.007290,0.900000,0.486000,0.486000,,,,,,0,0,0,0.000000
B,6,B-006,S3,3,T1484.002,Trust Modification,VDI Server,0.360000,0.100000,1.500000,0.036000,0.054000,0.001811,0.100000,0.054000,0.000394,0.900000,0.486000,0.236196,,,,,,0,0,0,0.000000
B,6,B-006,S4,4,T1496.001,Compute Hijacking,Business Server OnCloud,0.720000,0.280000,2.000000,0.201600,0.403200,0.000730,0.100000,0.144000,0.000057,0.900000,1.000000,0.236196,0.000730,0.000057,0.236196,0.306624,Risk C,0,1,1,0.000000
B,7,B-007,S1,1,T1190,Exploit Public-Facing Application,VDI AuthServer,0.900000,0.460000,1.500000,0.414000,0.621000,0.621000,0.100000,0.135000,0.135000,0.900000,1.000000,1.000000,,,,,,0,1,1,0.000000
B,7,B-007,S2,2,T1021.007,Cloud Services,VDI AuthServer,0.360000,0.100000,1.500000,0.036000,0.054000,0.033534,0.100000,0.054000,0.007290,0.900000,0.486000,0.486000,,,,,,0,0,0,0.000000
B,7,B-007,S3,3,T1484.002,Trust Modification,VDI Server,0.360000,0.100000,1.500000,0.036000,0.054000,0.001811,0.100000,0.054000,0.000394,0.900000,0.486000,0.236196,,,,,,0,0,0,0.000000
B,7,B-007,S4,4,T1496.002,Bandwidth Hijacking,Business Server OnCloud,0.180000,0.280000,2.000000,0.050400,0.100800,0.000183,0.100000,0.036000,0.000014,0.900000,0.324000,0.076528,0.000183,0.000014,0.076528,0.297374,Risk C,0,1,0,0.000000
B,8,B-008,S1,1,T1190,Exploit Public-Facing Application,VDI AuthServer,0.900000,0.460000,1.500000,0.414000,0.621000,0.621000,0.100000,0.135000,0.135000,0.900000,1.000000,1.000000,,,,,,0,1,1,0.000000
B,8,B-008,S2,2,T1021.007,Cloud Services,VDI AuthServer,0.360000,0.100000,1.500000,0.036000,0.054000,0.033534,0.100000,0.054000,0.007290,0.900000,0.486000,0.486000,,,,,,0,0,0,0.000000
B,8,B-008,S3,3,T1484.002,Trust Modification,VDI Server,0.360000,0.100000,1.500000,0.036000,0.054000,0.001811,0.100000,0.054000,0.000394,0.900000,0.486000,0.236196,,,,,,0,0,0,0.000000
B,8,B-008,S4,4,T1496.004,Cloud Service Hijacking,Business Server OnCloud,0.180000,0.280000,2.000000,0.050400,0.100800,0.000183,0.100000,0.036000,0.000014,0.900000,0.324000,0.076528,0.000183,0.000014,0.076528,0.297374,Risk C,0,1,0,0.000000
B,9,B-009,S1,1,T1190,Exploit Public-Facing Application,VDI AuthServer,0.900000,0.460000,1.500000,0.414000,0.621000,0.621000,0.100000,0.135000,0.135000,0.900000,1.000000,1.000000,,,,,,0,1,1,0.000000
B,9,B-009,S2,2,T1021.007,Cloud Services,VDI AuthServer,0.360000,0.100000,1.500000,0.036000,0.054000,0.033534,0.100000,0.054000,0.007290,0.900000,0.486000,0.486000,,,,,,0,0,0,0.000000
B,9,B-009,S3,3,T1555.006,Cloud Secrets Management Stores,VDI Server,0.360000,0.100000,1.500000,0.036000,0.054000,0.001811,0.100000,0.054000,0.000394,0.900000,0.486000,0.236196,,,,,,0,0,0,0.000000
B,9,B-009,S4,4,T1486,Data Encrypted for Impact,Business Server OnCloud,0.900000,0.100000,2.000000,0.090000,0.180000,0.000326,0.100000,0.180000,0.000071,0.900000,1.000000,0.236196,0.000326,0.000071,0.236196,0.188130,Risk C,0,0,0,0.000000
B,10,B-010,S1,1,T1190,Exploit Public-Facing Application,VDI AuthServer,0.900000,0.460000,1.500000,0.414000,0.621000,0.621000,0.100000,0.135000,0.135000,0.900000,1.000000,1.000000,,,,,,0,1,1,0.000000
B,10,B-010,S2,2,T1021.007,Cloud Services,VDI AuthServer,0.360000,0.100000,1.500000,0.036000,0.054000,0.033534,0.100000,0.054000,0.007290,0.900000,0.486000,0.486000,,,,,,0,0,0,0.000000
B,10,B-010,S3,3,T1555.006,Cloud Secrets Management Stores,VDI Server,0.360000,0.100000,1.500000,0.036000,0.054000,0.001811,0.100000,0.054000,0.000394,0.900000,0.486000,0.236196,,,,,,0,0,0,0.000000
B,10,B-010,S4,4,T1496.001,Compute Hijacking,Business Server OnCloud,0.720000,0.280000,2.000000,0.201600,0.403200,0.000730,0.100000,0.144000,0.000057,0.900000,1.000000,0.236196,0.000730,0.000057,0.236196,0.306624,Risk C,0,1,1,0.000000
B,11,B-011,S1,1,T1190,Exploit Public-Facing Application,VDI AuthServer,0.900000,0.460000,1.500000,0.414000,0.621000,0.621000,0.100000,0.135000,0.135000,0.900000,1.000000,1.000000,,,,,,0,1,1,0.000000
B,11,B-011,S2,2,T1021.007,Cloud Services,VDI AuthServer,0.360000,0.100000,1.500000,0.036000,0.054000,0.033534,0.100000,0.054000,0.007290,0.900000,0.486000,0.486000,,,,,,0,0,0,0.000000
B,11,B-011,S3,3,T1555.006,Cloud Secrets Management Stores,VDI Server,0.360000,0.100000,1.500000,0.036000,0.054000,0.001811,0.100000,0.054000,0.000394,0.900000,0.486000,0.236196,,,,,,0,0,0,0.000000
B,11,B-011,S4,4,T1496.002,Bandwidth Hijacking,Business Server OnCloud,0.180000,0.280000,2.000000,0.050400,0.100800,0.000183,0.100000,0.036000,0.000014,0.900000,0.324000,0.076528,0.000183,0.000014,0.076528,0.297374,Risk C,0,1,0,0.000000
B,12,B-012,S1,1,T1190,Exploit Public-Facing Application,VDI AuthServer,0.900000,0.460000,1.500000,0.414000,0.621000,0.621000,0.100000,0.135000,0.135000,0.900000,1.000000,1.000000,,,,,,0,1,1,0.000000
B,12,B-012,S2,2,T1021.007,Cloud Services,VDI AuthServer,0.360000,0.100000,1.500000,0.036000,0.054000,0.033534,0.100000,0.054000,0.007290,0.900000,0.486000,0.486000,,,,,,0,0,0,0.000000
B,12,B-012,S3,3,T1555.006,Cloud Secrets Management Stores,VDI Server,0.360000,0.100000,1.500000,0.036000,0.054000,0.001811,0.100000,0.054000,0.000394,0.900000,0.486000,0.236196,,,,,,0,0,0,0.000000
B,12,B-012,S4,4,T1496.004,Cloud Service Hijacking,Business Server OnCloud,0.180000,0.280000,2.000000,0.050400,0.100800,0.000183,0.100000,0.036000,0.000014,0.900000,0.324000,0.076528,0.000183,0.000014,0.076528,0.297374,Risk C,0,1,0,0.000000
B,13,B-013,S1,1,T1190,Exploit Public-Facing Application,VDI AuthServer,0.900000,0.460000,1.500000,0.414000,0.621000,0.621000,0.100000,0.135000,0.135000,0.900000,1.000000,1.000000,,,,,,0,1,1,0.000000
B,13,B-013,S2,2,T1021.007,Cloud Services,VDI AuthServer,0.360000,0.100000,1.500000,0.036000,0.054000,0.033534,0.100000,0.054000,0.007290,0.900000,0.486000,0.486000,,,,,,0,0,0,0.000000
B,13,B-013,S3,3,T1651,Cloud Administration Command,VDI Server,0.360000,0.100000,1.500000,0.036000,0.054000,0.001811,0.100000,0.054000,0.000394,0.900000,0.486000,0.236196,,,,,,0,0,0,0.000000
B,13,B-013,S4,4,T1486,Data Encrypted for Impact,Business Server OnCloud,0.900000,0.100000,2.000000,0.090000,0.180000,0.000326,0.100000,0.180000,0.000071,0.900000,1.000000,0.236196,0.000326,0.000071,0.236196,0.188130,Risk C,0,0,0,0.000000
B,14,B-014,S1,1,T1190,Exploit Public-Facing Application,VDI AuthServer,0.900000,0.460000,1.500000,0.414000,0.621000,0.621000,0.100000,0.135000,0.135000,0.900000,1.000000,1.000000,,,,,,0,1,1,0.000000
B,14,B-014,S2,2,T1021.007,Cloud Services,VDI AuthServer,0.360000,0.100000,1.500000,0.036000,0.054000,0.033534,0.100000,0.054000,0.007290,0.900000,0.486000,0.486000,,,,,,0,0,0,0.000000
B,14,B-014,S3,3,T1651,Cloud Administration Command,VDI Server,0.360000,0.100000,1.500000,0.036000,0.054000,0.001811,0.100000,0.054000,0.000394,0.900000,0.486000,0.236196,,,,,,0,0,0,0.000000
B,14,B-014,S4,4,T1496.001,Compute Hijacking,Business Server OnCloud,0.720000,0.280000,2.000000,0.201600,0.403200,0.000730,0.100000,0.144000,0.000057,0.900000,1.000000,0.236196,0.000730,0.000057,0.236196,0.306624,Risk C,0,1,1,0.000000
B,15,B-015,S1,1,T1190,Exploit Public-Facing Application,VDI AuthServer,0.900000,0.460000,1.500000,0.414000,0.621000,0.621000,0.100000,0.135000,0.135000,0.900000,1.000000,1.000000,,,,,,0,1,1,0.000000
B,15,B-015,S2,2,T1021.007,Cloud Services,VDI AuthServer,0.360000,0.100000,1.500000,0.036000,0.054000,0.033534,0.100000,0.054000,0.007290,0.900000,0.486000,0.486000,,,,,,0,0,0,0.000000
B,15,B-015,S3,3,T1651,Cloud Administration Command,VDI Server,0.360000,0.100000,1.500000,0.036000,0.054000,0.001811,0.100000,0.054000,0.000394,0.900000,0.486000,0.236196,,,,,,0,0,0,0.000000
B,15,B-015,S4,4,T1496.002,Bandwidth Hijacking,Business Server OnCloud,0.180000,0.280000,2.000000,0.050400,0.100800,0.000183,0.100000,0.036000,0.000014,0.900000,0.324000,0.076528,0.000183,0.000014,0.076528,0.297374,Risk C,0,1,0,0.000000
B,16,B-016,S1,1,T1190,Exploit Public-Facing Application,VDI AuthServer,0.900000,0.460000,1.500000,0.414000,0.621000,0.621000,0.100000,0.135000,0.135000,0.900000,1.000000,1.000000,,,,,,0,1,1,0.000000
B,16,B-016,S2,2,T1021.007,Cloud Services,VDI AuthServer,0.360000,0.100000,1.500000,0.036000,0.054000,0.033534,0.100000,0.054000,0.007290,0.900000,0.486000,0.486000,,,,,,0,0,0,0.000000
B,16,B-016,S3,3,T1651,Cloud Administration Command,VDI Server,0.360000,0.100000,1.500000,0.036000,0.054000,0.001811,0.100000,0.054000,0.000394,0.900000,0.486000,0.236196,,,,,,0,0,0,0.000000
B,16,B-016,S4,4,T1496.004,Cloud Service Hijacking,Business Server OnCloud,0.180000,0.280000,2.000000,0.050400,0.100800,0.000183,0.100000,0.036000,0.000014,0.900000,0.324000,0.076528,0.000183,0.000014,0.076528,0.297374,Risk C,0,1,0,0.000000
B,17,B-017,S1,1,T1190,Exploit Public-Facing Application,VDI AuthServer,0.900000,0.460000,1.500000,0.414000,0.621000,0.621000,0.100000,0.135000,0.135000,0.900000,1.000000,1.000000,,,,,,0,1,1,0.000000
B,17,B-017,S2,2,T1484.002,Trust Modification,VDI AuthServer,0.360000,0.100000,1.500000,0.036000,0.054000,0.033534,0.100000,0.054000,0.007290,0.900000,0.486000,0.486000,,,,,,0,0,0,0.000000
B,17,B-017,S3,3,T1059.009,Cloud API,VDI Server,0.360000,0.100000,1.500000,0.036000,0.054000,0.001811,0.100000,0.054000,0.000394,0.900000,0.486000,0.236196,,,,,,0,0,0,0.000000
B,17,B-017,S4,4,T1486,Data Encrypted for Impact,Business Server OnCloud,0.900000,0.100000,2.000000,0.090000,0.180000,0.000326,0.100000,0.180000,0.000071,0.900000,1.000000,0.236196,0.000326,0.000071,0.236196,0.188130,Risk C,0,0,0,0.000000
B,18,B-018,S1,1,T1190,Exploit Public-Facing Application,VDI AuthServer,0.900000,0.460000,1.500000,0.414000,0.621000,0.621000,0.100000,0.135000,0.135000,0.900000,1.000000,1.000000,,,,,,0,1,1,0.000000
B,18,B-018,S2,2,T1484.002,Trust Modification,VDI AuthServer,0.360000,0.100000,1.500000,0.036000,0.054000,0.033534,0.100000,0.054000,0.007290,0.900000,0.486000,0.486000,,,,,,0,0,0,0.000000
B,18,B-018,S3,3,T1059.009,Cloud API,VDI Server,0.360000,0.100000,1.500000,0.036000,0.054000,0.001811,0.100000,0.054000,0.000394,0.900000,0.486000,0.236196,,,,,,0,0,0,0.000000
B,18,B-018,S4,4,T1496.001,Compute Hijacking,Business Server OnCloud,0.720000,0.280000,2.000000,0.201600,0.403200,0.000730,0.100000,0.144000,0.000057,0.900000,1.000000,0.236196,0.000730,0.000057,0.236196,0.306624,Risk C,0,1,1,0.000000
B,19,B-019,S1,1,T1190,Exploit Public-Facing Application,VDI AuthServer,0.900000,0.460000,1.500000,0.414000,0.621000,0.621000,0.100000,0.135000,0.135000,0.900000,1.000000,1.000000,,,,,,0,1,1,0.000000
B,19,B-019,S2,2,T1484.002,Trust Modification,VDI AuthServer,0.360000,0.100000,1.500000,0.036000,0.054000,0.033534,0.100000,0.054000,0.007290,0.900000,0.486000,0.486000,,,,,,0,0,0,0.000000
B,19,B-019,S3,3,T1059.009,Cloud API,VDI Server,0.360000,0.100000,1.500000,0.036000,0.054000,0.001811,0.100000,0.054000,0.000394,0.900000,0.486000,0.236196,,,,,,0,0,0,0.000000
B,19,B-019,S4,4,T1496.002,Bandwidth Hijacking,Business Server OnCloud,0.180000,0.280000,2.000000,0.050400,0.100800,0.000183,0.100000,0.036000,0.000014,0.900000,0.324000,0.076528,0.000183,0.000014,0.076528,0.297374,Risk C,0,1,0,0.000000
B,20,B-020,S1,1,T1190,Exploit Public-Facing Application,VDI AuthServer,0.900000,0.460000,1.500000,0.414000,0.621000,0.621000,0.100000,0.135000,0.135000,0.900000,1.000000,1.000000,,,,,,0,1,1,0.000000
B,20,B-020,S2,2,T1484.002,Trust Modification,VDI AuthServer,0.360000,0.100000,1.500000,0.036000,0.054000,0.033534,0.100000,0.054000,0.007290,0.900000,0.486000,0.486000,,,,,,0,0,0,0.000000
B,20,B-020,S3,3,T1059.009,Cloud API,VDI Server,0.360000,0.100000,1.500000,0.036000,0.054000,0.001811,0.100000,0.054000,0.000394,0.900000,0.486000,0.236196,,,,,,0,0,0,0.000000
B,20,B-020,S4,4,T1496.004,Cloud Service Hijacking,Business Server OnCloud,0.180000,0.280000,2.000000,0.050400,0.100800,0.000183,0.100000,0.036000,0.000014,0.900000,0.324000,0.076528,0.000183,0.000014,0.076528,0.297374,Risk C,0,1,0,0.000000
B,21,B-021,S1,1,T1190,Exploit Public-Facing Application,VDI AuthServer,0.900000,0.460000,1.500000,0.414000,0.621000,0.621000,0.100000,0.135000,0.135000,0.900000,1.000000,1.000000,,,,,,0,1,1,0.000000
B,21,B-021,S2,2,T1484.002,Trust Modification,VDI AuthServer,0.360000,0.100000,1.500000,0.036000,0.054000,0.033534,0.100000,0.054000,0.007290,0.900000,0.486000,0.486000,,,,,,0,0,0,0.000000
B,21,B-021,S3,3,T1484.002,Trust Modification,VDI Server,0.360000,0.100000,1.500000,0.036000,0.054000,0.001811,0.100000,0.054000,0.000394,0.900000,0.486000,0.236196,,,,,,0,0,0,0.000000
B,21,B-021,S4,4,T1486,Data Encrypted for Impact,Business Server OnCloud,0.900000,0.100000,2.000000,0.090000,0.180000,0.000326,0.100000,0.180000,0.000071,0.900000,1.000000,0.236196,0.000326,0.000071,0.236196,0.188130,Risk C,0,0,0,0.000000
B,22,B-022,S1,1,T1190,Exploit Public-Facing Application,VDI AuthServer,0.900000,0.460000,1.500000,0.414000,0.621000,0.621000,0.100000,0.135000,0.135000,0.900000,1.000000,1.000000,,,,,,0,1,1,0.000000
B,22,B-022,S2,2,T1484.002,Trust Modification,VDI AuthServer,0.360000,0.100000,1.500000,0.036000,0.054000,0.033534,0.100000,0.054000,0.007290,0.900000,0.486000,0.486000,,,,,,0,0,0,0.000000
B,22,B-022,S3,3,T1484.002,Trust Modification,VDI Server,0.360000,0.100000,1.500000,0.036000,0.054000,0.001811,0.100000,0.054000,0.000394,0.900000,0.486000,0.236196,,,,,,0,0,0,0.000000
B,22,B-022,S4,4,T1496.001,Compute Hijacking,Business Server OnCloud,0.720000,0.280000,2.000000,0.201600,0.403200,0.000730,0.100000,0.144000,0.000057,0.900000,1.000000,0.236196,0.000730,0.000057,0.236196,0.306624,Risk C,0,1,1,0.000000
B,23,B-023,S1,1,T1190,Exploit Public-Facing Application,VDI AuthServer,0.900000,0.460000,1.500000,0.414000,0.621000,0.621000,0.100000,0.135000,0.135000,0.900000,1.000000,1.000000,,,,,,0,1,1,0.000000
B,23,B-023,S2,2,T1484.002,Trust Modification,VDI AuthServer,0.360000,0.100000,1.500000,0.036000,0.054000,0.033534,0.100000,0.054000,0.007290,0.900000,0.486000,0.486000,,,,,,0,0,0,0.000000
B,23,B-023,S3,3,T1484.002,Trust Modification,VDI Server,0.360000,0.100000,1.500000,0.036000,0.054000,0.001811,0.100000,0.054000,0.000394,0.900000,0.486000,0.236196,,,,,,0,0,0,0.000000
B,23,B-023,S4,4,T1496.002,Bandwidth Hijacking,Business Server OnCloud,0.180000,0.280000,2.000000,0.050400,0.100800,0.000183,0.100000,0.036000,0.000014,0.900000,0.324000,0.076528,0.000183,0.000014,0.076528,0.297374,Risk C,0,1,0,0.000000
B,24,B-024,S1,1,T1190,Exploit Public-Facing Application,VDI AuthServer,0.900000,0.460000,1.500000,0.414000,0.621000,0.621000,0.100000,0.135000,0.135000,0.900000,1.000000,1.000000,,,,,,0,1,1,0.000000
B,24,B-024,S2,2,T1484.002,Trust Modification,VDI AuthServer,0.360000,0.100000,1.500000,0.036000,0.054000,0.033534,0.100000,0.054000,0.007290,0.900000,0.486000,0.486000,,,,,,0,0,0,0.000000
B,24,B-024,S3,3,T1484.002,Trust Modification,VDI Server,0.360000,0.100000,1.500000,0.036000,0.054000,0.001811,0.100000,0.054000,0.000394,0.900000,0.486000,0.236196,,,,,,0,0,0,0.000000
B,24,B-024,S4,4,T1496.004,Cloud Service Hijacking,Business Server OnCloud,0.180000,0.280000,2.000000,0.050400,0.100800,0.000183,0.100000,0.036000,0.000014,0.900000,0.324000,0.076528,0.000183,0.000014,0.076528,0.297374,Risk C,0,1,0,0.000000
B,25,B-025,S1,1,T1190,Exploit Public-Facing Application,VDI AuthServer,0.900000,0.460000,1.500000,0.414000,0.621000,0.621000,0.100000,0.135000,0.135000,0.900000,1.000000,1.000000,,,,,,0,1,1,0.000000
B,25,B-025,S2,2,T1484.002,Trust Modification,VDI AuthServer,0.360000,0.100000,1.500000,0.036000,0.054000,0.033534,0.100000,0.054000,0.007290,0.900000,0.486000,0.486000,,,,,,0,0,0,0.000000
B,25,B-025,S3,3,T1555.006,Cloud Secrets Management Stores,VDI Server,0.360000,0.100000,1.500000,0.036000,0.054000,0.001811,0.100000,0.054000,0.000394,0.900000,0.486000,0.236196,,,,,,0,0,0,0.000000
B,25,B-025,S4,4,T1486,Data Encrypted for Impact,Business Server OnCloud,0.900000,0.100000,2.000000,0.090000,0.180000,0.000326,0.100000,0.180000,0.000071,0.900000,1.000000,0.236196,0.000326,0.000071,0.236196,0.188130,Risk C,0,0,0,0.000000
B,26,B-026,S1,1,T1190,Exploit Public-Facing Application,VDI AuthServer,0.900000,0.460000,1.500000,0.414000,0.621000,0.621000,0.100000,0.135000,0.135000,0.900000,1.000000,1.000000,,,,,,0,1,1,0.000000
B,26,B-026,S2,2,T1484.002,Trust Modification,VDI AuthServer,0.360000,0.100000,1.500000,0.036000,0.054000,0.033534,0.100000,0.054000,0.007290,0.900000,0.486000,0.486000,,,,,,0,0,0,0.000000
B,26,B-026,S3,3,T1555.006,Cloud Secrets Management Stores,VDI Server,0.360000,0.100000,1.500000,0.036000,0.054000,0.001811,0.100000,0.054000,0.000394,0.900000,0.486000,0.236196,,,,,,0,0,0,0.000000
B,26,B-026,S4,4,T1496.001,Compute Hijacking,Business Server OnCloud,0.720000,0.280000,2.000000,0.201600,0.403200,0.000730,0.100000,0.144000,0.000057,0.900000,1.000000,0.236196,0.000730,0.000057,0.236196,0.306624,Risk C,0,1,1,0.000000
B,27,B-027,S1,1,T1190,Exploit Public-Facing Application,VDI AuthServer,0.900000,0.460000,1.500000,0.414000,0.621000,0.621000,0.100000,0.135000,0.135000,0.900000,1.000000,1.000000,,,,,,0,1,1,0.000000
B,27,B-027,S2,2,T1484.002,Trust Modification,VDI AuthServer,0.360000,0.100000,1.500000,0.036000,0.054000,0.033534,0.100000,0.054000,0.007290,0.900000,0.486000,0.486000,,,,,,0,0,0,0.000000
B,27,B-027,S3,3,T1555.006,Cloud Secrets Management Stores,VDI Server,0.360000,0.100000,1.500000,0.036000,0.054000,0.001811,0.100000,0.054000,0.000394,0.900000,0.486000,0.236196,,,,,,0,0,0,0.000000
B,27,B-027,S4,4,T1496.002,Bandwidth Hijacking,Business Server OnCloud,0.180000,0.280000,2.000000,0.050400,0.100800,0.000183,0.100000,0.036000,0.000014,0.900000,0.324000,0.076528,0.000183,0.000014,0.076528,0.297374,Risk C,0,1,0,0.000000
B,28,B-028,S1,1,T1190,Exploit Public-Facing Application,VDI AuthServer,0.900000,0.460000,1.500000,0.414000,0.621000,0.621000,0.100000,0.135000,0.135000,0.900000,1.000000,1.000000,,,,,,0,1,1,0.000000
B,28,B-028,S2,2,T1484.002,Trust Modification,VDI AuthServer,0.360000,0.100000,1.500000,0.036000,0.054000,0.033534,0.100000,0.054000,0.007290,0.900000,0.486000,0.486000,,,,,,0,0,0,0.000000
B,28,B-028,S3,3,T1555.006,Cloud Secrets Management Stores,VDI Server,0.360000,0.100000,1.500000,0.036000,0.054000,0.001811,0.100000,0.054000,0.000394,0.900000,0.486000,0.236196,,,,,,0,0,0,0.000000
B,28,B-028,S4,4,T1496.004,Cloud Service Hijacking,Business Server OnCloud,0.180000,0.280000,2.000000,0.050400,0.100800,0.000183,0.100000,0.036000,0.000014,0.900000,0.324000,0.076528,0.000183,0.000014,0.076528,0.297374,Risk C,0,1,0,0.000000
B,29,B-029,S1,1,T1190,Exploit Public-Facing Application,VDI AuthServer,0.900000,0.460000,1.500000,0.414000,0.621000,0.621000,0.100000,0.135000,0.135000,0.900000,1.000000,1.000000,,,,,,0,1,1,0.000000
B,29,B-029,S2,2,T1484.002,Trust Modification,VDI AuthServer,0.360000,0.100000,1.500000,0.036000,0.054000,0.033534,0.100000,0.054000,0.007290,0.900000,0.486000,0.486000,,,,,,0,0,0,0.000000
B,29,B-029,S3,3,T1651,Cloud Administration Command,VDI Server,0.360000,0.100000,1.500000,0.036000,0.054000,0.001811,0.100000,0.054000,0.000394,0.900000,0.486000,0.236196,,,,,,0,0,0,0.000000
B,29,B-029,S4,4,T1486,Data Encrypted for Impact,Business Server OnCloud,0.900000,0.100000,2.000000,0.090000,0.180000,0.000326,0.100000,0.180000,0.000071,0.900000,1.000000,0.236196,0.000326,0.000071,0.236196,0.188130,Risk C,0,0,0,0.000000
B,30,B-030,S1,1,T1190,Exploit Public-Facing Application,VDI AuthServer,0.900000,0.460000,1.500000,0.414000,0.621000,0.621000,0.100000,0.135000,0.135000,0.900000,1.000000,1.000000,,,,,,0,1,1,0.000000
B,30,B-030,S2,2,T1484.002,Trust Modification,VDI AuthServer,0.360000,0.100000,1.500000,0.036000,0.054000,0.033534,0.100000,0.054000,0.007290,0.900000,0.486000,0.486000,,,,,,0,0,0,0.000000
B,30,B-030,S3,3,T1651,Cloud Administration Command,VDI Server,0.360000,0.100000,1.500000,0.036000,0.054000,0.001811,0.100000,0.054000,0.000394,0.900000,0.486000,0.236196,,,,,,0,0,0,0.000000
B,30,B-030,S4,4,T1496.001,Compute Hijacking,Business Server OnCloud,0.720000,0.280000,2.000000,0.201600,0.403200,0.000730,0.100000,0.144000,0.000057,0.900000,1.000000,0.236196,0.000730,0.000057,0.236196,0.306624,Risk C,0,1,1,0.000000
B,31,B-031,S1,1,T1190,Exploit Public-Facing Application,VDI AuthServer,0.900000,0.460000,1.500000,0.414000,0.621000,0.621000,0.100000,0.135000,0.135000,0.900000,1.000000,1.000000,,,,,,0,1,1,0.000000
B,31,B-031,S2,2,T1484.002,Trust Modification,VDI AuthServer,0.360000,0.100000,1.500000,0.036000,0.054000,0.033534,0.100000,0.054000,0.007290,0.900000,0.486000,0.486000,,,,,,0,0,0,0.000000
B,31,B-031,S3,3,T1651,Cloud Administration Command,VDI Server,0.360000,0.100000,1.500000,0.036000,0.054000,0.001811,0.100000,0.054000,0.000394,0.900000,0.486000,0.236196,,,,,,0,0,0,0.000000
B,31,B-031,S4,4,T1496.002,Bandwidth Hijacking,Business Server OnCloud,0.180000,0.280000,2.000000,0.050400,0.100800,0.000183,0.100000,0.036000,0.000014,0.900000,0.324000,0.076528,0.000183,0.000014,0.076528,0.297374,Risk C,0,1,0,0.000000
B,32,B-032,S1,1,T1190,Exploit Public-Facing Application,VDI AuthServer,0.900000,0.460000,1.500000,0.414000,0.621000,0.621000,0.100000,0.135000,0.135000,0.900000,1.000000,1.000000,,,,,,0,1,1,0.000000
B,32,B-032,S2,2,T1484.002,Trust Modification,VDI AuthServer,0.360000,0.100000,1.500000,0.036000,0.054000,0.033534,0.100000,0.054000,0.007290,0.900000,0.486000,0.486000,,,,,,0,0,0,0.000000
B,32,B-032,S3,3,T1651,Cloud Administration Command,VDI Server,0.360000,0.100000,1.500000,0.036000,0.054000,0.001811,0.100000,0.054000,0.000394,0.900000,0.486000,0.236196,,,,,,0,0,0,0.000000
B,32,B-032,S4,4,T1496.004,Cloud Service Hijacking,Business Server OnCloud,0.180000,0.280000,2.000000,0.050400,0.100800,0.000183,0.100000,0.036000,0.000014,0.900000,0.324000,0.076528,0.000183,0.000014,0.076528,0.297374,Risk C,0,1,0,0.000000
B,33,B-033,S1,1,T1190,Exploit Public-Facing Application,VDI AuthServer,0.900000,0.460000,1.500000,0.414000,0.621000,0.621000,0.100000,0.135000,0.135000,0.900000,1.000000,1.000000,,,,,,0,1,1,0.000000
B,33,B-033,S2,2,T1578.002,Create Cloud Instance,VDI AuthServer,0.360000,0.460000,1.500000,0.165600,0.248400,0.154256,0.100000,0.054000,0.007290,0.900000,0.486000,0.486000,,,,,,0,1,0,0.000000
B,33,B-033,S3,3,T1059.009,Cloud API,VDI Server,0.360000,0.100000,1.500000,0.036000,0.054000,0.008330,0.100000,0.054000,0.000394,0.900000,0.486000,0.236196,,,,,,0,0,0,0.000000
B,33,B-033,S4,4,T1486,Data Encrypted for Impact,Business Server OnCloud,0.900000,0.100000,2.000000,0.090000,0.180000,0.001499,0.100000,0.180000,0.000071,0.900000,1.000000,0.236196,0.001499,0.000071,0.236196,0.376259,Risk B,1,0,0,0.000000
B,34,B-034,S1,1,T1190,Exploit Public-Facing Application,VDI AuthServer,0.900000,0.460000,1.500000,0.414000,0.621000,0.621000,0.100000,0.135000,0.135000,0.900000,1.000000,1.000000,,,,,,0,1,1,0.000000
B,34,B-034,S2,2,T1578.002,Create Cloud Instance,VDI AuthServer,0.360000,0.460000,1.500000,0.165600,0.248400,0.154256,0.100000,0.054000,0.007290,0.900000,0.486000,0.486000,,,,,,0,1,0,0.000000
B,34,B-034,S3,3,T1059.009,Cloud API,VDI Server,0.360000,0.100000,1.500000,0.036000,0.054000,0.008330,0.100000,0.054000,0.000394,0.900000,0.486000,0.236196,,,,,,0,0,0,0.000000
B,34,B-034,S4,4,T1496.001,Compute Hijacking,Business Server OnCloud,0.720000,0.280000,2.000000,0.201600,0.403200,0.003359,0.100000,0.144000,0.000057,0.900000,1.000000,0.236196,0.003359,0.000057,0.236196,0.489717,Risk B,1,1,1,0.000000
B,35,B-035,S1,1,T1190,Exploit Public-Facing Application,VDI AuthServer,0.900000,0.460000,1.500000,0.414000,0.621000,0.621000,0.100000,0.135000,0.135000,0.900000,1.000000,1.000000,,,,,,0,1,1,0.000000
B,35,B-035,S2,2,T1578.002,Create Cloud Instance,VDI AuthServer,0.360000,0.460000,1.500000,0.165600,0.248400,0.154256,0.100000,0.054000,0.007290,0.900000,0.486000,0.486000,,,,,,0,1,0,0.000000
B,35,B-035,S3,3,T1059.009,Cloud API,VDI Server,0.360000,0.100000,1.500000,0.036000,0.054000,0.008330,0.100000,0.054000,0.000394,0.900000,0.486000,0.236196,,,,,,0,0,0,0.000000
B,35,B-035,S4,4,T1496.002,Bandwidth Hijacking,Business Server OnCloud,0.180000,0.280000,2.000000,0.050400,0.100800,0.000840,0.100000,0.036000,0.000014,0.900000,0.324000,0.076528,0.000840,0.000014,0.076528,0.474943,Risk B,1,1,0,0.000000
B,36,B-036,S1,1,T1190,Exploit Public-Facing Application,VDI AuthServer,0.900000,0.460000,1.500000,0.414000,0.621000,0.621000,0.100000,0.135000,0.135000,0.900000,1.000000,1.000000,,,,,,0,1,1,0.000000
B,36,B-036,S2,2,T1578.002,Create Cloud Instance,VDI AuthServer,0.360000,0.460000,1.500000,0.165600,0.248400,0.154256,0.100000,0.054000,0.007290,0.900000,0.486000,0.486000,,,,,,0,1,0,0.000000
B,36,B-036,S3,3,T1059.009,Cloud API,VDI Server,0.360000,0.100000,1.500000,0.036000,0.054000,0.008330,0.100000,0.054000,0.000394,0.900000,0.486000,0.236196,,,,,,0,0,0,0.000000
B,36,B-036,S4,4,T1496.004,Cloud Service Hijacking,Business Server OnCloud,0.180000,0.280000,2.000000,0.050400,0.100800,0.000840,0.100000,0.036000,0.000014,0.900000,0.324000,0.076528,0.000840,0.000014,0.076528,0.474943,Risk B,1,1,0,0.000000
B,37,B-037,S1,1,T1190,Exploit Public-Facing Application,VDI AuthServer,0.900000,0.460000,1.500000,0.414000,0.621000,0.621000,0.100000,0.135000,0.135000,0.900000,1.000000,1.000000,,,,,,0,1,1,0.000000
B,37,B-037,S2,2,T1578.002,Create Cloud Instance,VDI AuthServer,0.360000,0.460000,1.500000,0.165600,0.248400,0.154256,0.100000,0.054000,0.007290,0.900000,0.486000,0.486000,,,,,,0,1,0,0.000000
B,37,B-037,S3,3,T1484.002,Trust Modification,VDI Server,0.360000,0.100000,1.500000,0.036000,0.054000,0.008330,0.100000,0.054000,0.000394,0.900000,0.486000,0.236196,,,,,,0,0,0,0.000000
B,37,B-037,S4,4,T1486,Data Encrypted for Impact,Business Server OnCloud,0.900000,0.100000,2.000000,0.090000,0.180000,0.001499,0.100000,0.180000,0.000071,0.900000,1.000000,0.236196,0.001499,0.000071,0.236196,0.376259,Risk B,1,0,0,0.000000
B,38,B-038,S1,1,T1190,Exploit Public-Facing Application,VDI AuthServer,0.900000,0.460000,1.500000,0.414000,0.621000,0.621000,0.100000,0.135000,0.135000,0.900000,1.000000,1.000000,,,,,,0,1,1,0.000000
B,38,B-038,S2,2,T1578.002,Create Cloud Instance,VDI AuthServer,0.360000,0.460000,1.500000,0.165600,0.248400,0.154256,0.100000,0.054000,0.007290,0.900000,0.486000,0.486000,,,,,,0,1,0,0.000000
B,38,B-038,S3,3,T1484.002,Trust Modification,VDI Server,0.360000,0.100000,1.500000,0.036000,0.054000,0.008330,0.100000,0.054000,0.000394,0.900000,0.486000,0.236196,,,,,,0,0,0,0.000000
B,38,B-038,S4,4,T1496.001,Compute Hijacking,Business Server OnCloud,0.720000,0.280000,2.000000,0.201600,0.403200,0.003359,0.100000,0.144000,0.000057,0.900000,1.000000,0.236196,0.003359,0.000057,0.236196,0.489717,Risk B,1,1,1,0.000000
B,39,B-039,S1,1,T1190,Exploit Public-Facing Application,VDI AuthServer,0.900000,0.460000,1.500000,0.414000,0.621000,0.621000,0.100000,0.135000,0.135000,0.900000,1.000000,1.000000,,,,,,0,1,1,0.000000
B,39,B-039,S2,2,T1578.002,Create Cloud Instance,VDI AuthServer,0.360000,0.460000,1.500000,0.165600,0.248400,0.154256,0.100000,0.054000,0.007290,0.900000,0.486000,0.486000,,,,,,0,1,0,0.000000
B,39,B-039,S3,3,T1484.002,Trust Modification,VDI Server,0.360000,0.100000,1.500000,0.036000,0.054000,0.008330,0.100000,0.054000,0.000394,0.900000,0.486000,0.236196,,,,,,0,0,0,0.000000
B,39,B-039,S4,4,T1496.002,Bandwidth Hijacking,Business Server OnCloud,0.180000,0.280000,2.000000,0.050400,0.100800,0.000840,0.100000,0.036000,0.000014,0.900000,0.324000,0.076528,0.000840,0.000014,0.076528,0.474943,Risk B,1,1,0,0.000000
B,40,B-040,S1,1,T1190,Exploit Public-Facing Application,VDI AuthServer,0.900000,0.460000,1.500000,0.414000,0.621000,0.621000,0.100000,0.135000,0.135000,0.900000,1.000000,1.000000,,,,,,0,1,1,0.000000
B,40,B-040,S2,2,T1578.002,Create Cloud Instance,VDI AuthServer,0.360000,0.460000,1.500000,0.165600,0.248400,0.154256,0.100000,0.054000,0.007290,0.900000,0.486000,0.486000,,,,,,0,1,0,0.000000
B,40,B-040,S3,3,T1484.002,Trust Modification,VDI Server,0.360000,0.100000,1.500000,0.036000,0.054000,0.008330,0.100000,0.054000,0.000394,0.900000,0.486000,0.236196,,,,,,0,0,0,0.000000
B,40,B-040,S4,4,T1496.004,Cloud Service Hijacking,Business Server OnCloud,0.180000,0.280000,2.000000,0.050400,0.100800,0.000840,0.100000,0.036000,0.000014,0.900000,0.324000,0.076528,0.000840,0.000014,0.076528,0.474943,Risk B,1,1,0,0.000000
B,41,B-041,S1,1,T1190,Exploit Public-Facing Application,VDI AuthServer,0.900000,0.460000,1.500000,0.414000,0.621000,0.621000,0.100000,0.135000,0.135000,0.900000,1.000000,1.000000,,,,,,0,1,1,0.000000
B,41,B-041,S2,2,T1578.002,Create Cloud Instance,VDI AuthServer,0.360000,0.460000,1.500000,0.165600,0.248400,0.154256,0.100000,0.054000,0.007290,0.900000,0.486000,0.486000,,,,,,0,1,0,0.000000
B,41,B-041,S3,3,T1555.006,Cloud Secrets Management Stores,VDI Server,0.360000,0.100000,1.500000,0.036000,0.054000,0.008330,0.100000,0.054000,0.000394,0.900000,0.486000,0.236196,,,,,,0,0,0,0.000000
B,41,B-041,S4,4,T1486,Data Encrypted for Impact,Business Server OnCloud,0.900000,0.100000,2.000000,0.090000,0.180000,0.001499,0.100000,0.180000,0.000071,0.900000,1.000000,0.236196,0.001499,0.000071,0.236196,0.376259,Risk B,1,0,0,0.000000
B,42,B-042,S1,1,T1190,Exploit Public-Facing Application,VDI AuthServer,0.900000,0.460000,1.500000,0.414000,0.621000,0.621000,0.100000,0.135000,0.135000,0.900000,1.000000,1.000000,,,,,,0,1,1,0.000000
B,42,B-042,S2,2,T1578.002,Create Cloud Instance,VDI AuthServer,0.360000,0.460000,1.500000,0.165600,0.248400,0.154256,0.100000,0.054000,0.007290,0.900000,0.486000,0.486000,,,,,,0,1,0,0.000000
B,42,B-042,S3,3,T1555.006,Cloud Secrets Management Stores,VDI Server,0.360000,0.100000,1.500000,0.036000,0.054000,0.008330,0.100000,0.054000,0.000394,0.900000,0.486000,0.236196,,,,,,0,0,0,0.000000
B,42,B-042,S4,4,T1496.001,Compute Hijacking,Business Server OnCloud,0.720000,0.280000,2.000000,0.201600,0.403200,0.003359,0.100000,0.144000,0.000057,0.900000,1.000000,0.236196,0.003359,0.000057,0.236196,0.489717,Risk B,1,1,1,0.000000
B,43,B-043,S1,1,T1190,Exploit Public-Facing Application,VDI AuthServer,0.900000,0.460000,1.500000,0.414000,0.621000,0.621000,0.100000,0.135000,0.135000,0.900000,1.000000,1.000000,,,,,,0,1,1,0.000000
B,43,B-043,S2,2,T1578.002,Create Cloud Instance,VDI AuthServer,0.360000,0.460000,1.500000,0.165600,0.248400,0.154256,0.100000,0.054000,0.007290,0.900000,0.486000,0.486000,,,,,,0,1,0,0.000000
B,43,B-043,S3,3,T1555.006,Cloud Secrets Management Stores,VDI Server,0.360000,0.100000,1.500000,0.036000,0.054000,0.008330,0.100000,0.054000,0.000394,0.900000,0.486000,0.236196,,,,,,0,0,0,0.000000
B,43,B-043,S4,4,T1496.002,Bandwidth Hijacking,Business Server OnCloud,0.180000,0.280000,2.000000,0.050400,0.100800,0.000840,0.100000,0.036000,0.000014,0.900000,0.324000,0.076528,0.000840,0.000014,0.076528,0.474943,Risk B,1,1,0,0.000000
B,44,B-044,S1,1,T1190,Exploit Public-Facing Application,VDI AuthServer,0.900000,0.460000,1.500000,0.414000,0.621000,0.621000,0.100000,0.135000,0.135000,0.900000,1.000000,1.000000,,,,,,0,1,1,0.000000
B,44,B-044,S2,2,T1578.002,Create Cloud Instance,VDI AuthServer,0.360000,0.460000,1.500000,0.165600,0.248400,0.154256,0.100000,0.054000,0.007290,0.900000,0.486000,0.486000,,,,,,0,1,0,0.000000
B,44,B-044,S3,3,T1555.006,Cloud Secrets Management Stores,VDI Server,0.360000,0.100000,1.500000,0.036000,0.054000,0.008330,0.100000,0.054000,0.000394,0.900000,0.486000,0.236196,,,,,,0,0,0,0.000000
B,44,B-044,S4,4,T1496.004,Cloud Service Hijacking,Business Server OnCloud,0.180000,0.280000,2.000000,0.050400,0.100800,0.000840,0.100000,0.036000,0.000014,0.900000,0.324000,0.076528,0.000840,0.000014,0.076528,0.474943,Risk B,1,1,0,0.000000
B,45,B-045,S1,1,T1190,Exploit Public-Facing Application,VDI AuthServer,0.900000,0.460000,1.500000,0.414000,0.621000,0.621000,0.100000,0.135000,0.135000,0.900000,1.000000,1.000000,,,,,,0,1,1,0.000000
B,45,B-045,S2,2,T1578.002,Create Cloud Instance,VDI AuthServer,0.360000,0.460000,1.500000,0.165600,0.248400,0.154256,0.100000,0.054000,0.007290,0.900000,0.486000,0.486000,,,,,,0,1,0,0.000000
B,45,B-045,S3,3,T1651,Cloud Administration Command,VDI Server,0.360000,0.100000,1.500000,0.036000,0.054000,0.008330,0.100000,0.054000,0.000394,0.900000,0.486000,0.236196,,,,,,0,0,0,0.000000
B,45,B-045,S4,4,T1486,Data Encrypted for Impact,Business Server OnCloud,0.900000,0.100000,2.000000,0.090000,0.180000,0.001499,0.100000,0.180000,0.000071,0.900000,1.000000,0.236196,0.001499,0.000071,0.236196,0.376259,Risk B,1,0,0,0.000000
B,46,B-046,S1,1,T1190,Exploit Public-Facing Application,VDI AuthServer,0.900000,0.460000,1.500000,0.414000,0.621000,0.621000,0.100000,0.135000,0.135000,0.900000,1.000000,1.000000,,,,,,0,1,1,0.000000
B,46,B-046,S2,2,T1578.002,Create Cloud Instance,VDI AuthServer,0.360000,0.460000,1.500000,0.165600,0.248400,0.154256,0.100000,0.054000,0.007290,0.900000,0.486000,0.486000,,,,,,0,1,0,0.000000
B,46,B-046,S3,3,T1651,Cloud Administration Command,VDI Server,0.360000,0.100000,1.500000,0.036000,0.054000,0.008330,0.100000,0.054000,0.000394,0.900000,0.486000,0.236196,,,,,,0,0,0,0.000000
B,46,B-046,S4,4,T1496.001,Compute Hijacking,Business Server OnCloud,0.720000,0.280000,2.000000,0.201600,0.403200,0.003359,0.100000,0.144000,0.000057,0.900000,1.000000,0.236196,0.003359,0.000057,0.236196,0.489717,Risk B,1,1,1,0.000000
B,47,B-047,S1,1,T1190,Exploit Public-Facing Application,VDI AuthServer,0.900000,0.460000,1.500000,0.414000,0.621000,0.621000,0.100000,0.135000,0.135000,0.900000,1.000000,1.000000,,,,,,0,1,1,0.000000
B,47,B-047,S2,2,T1578.002,Create Cloud Instance,VDI AuthServer,0.360000,0.460000,1.500000,0.165600,0.248400,0.154256,0.100000,0.054000,0.007290,0.900000,0.486000,0.486000,,,,,,0,1,0,0.000000
B,47,B-047,S3,3,T1651,Cloud Administration Command,VDI Server,0.360000,0.100000,1.500000,0.036000,0.054000,0.008330,0.100000,0.054000,0.000394,0.900000,0.486000,0.236196,,,,,,0,0,0,0.000000
B,47,B-047,S4,4,T1496.002,Bandwidth Hijacking,Business Server OnCloud,0.180000,0.280000,2.000000,0.050400,0.100800,0.000840,0.100000,0.036000,0.000014,0.900000,0.324000,0.076528,0.000840,0.000014,0.076528,0.474943,Risk B,1,1,0,0.000000
B,48,B-048,S1,1,T1190,Exploit Public-Facing Application,VDI AuthServer,0.900000,0.460000,1.500000,0.414000,0.621000,0.621000,0.100000,0.135000,0.135000,0.900000,1.000000,1.000000,,,,,,0,1,1,0.000000
B,48,B-048,S2,2,T1578.002,Create Cloud Instance,VDI AuthServer,0.360000,0.460000,1.500000,0.165600,0.248400,0.154256,0.100000,0.054000,0.007290,0.900000,0.486000,0.486000,,,,,,0,1,0,0.000000
B,48,B-048,S3,3,T1651,Cloud Administration Command,VDI Server,0.360000,0.100000,1.500000,0.036000,0.054000,0.008330,0.100000,0.054000,0.000394,0.900000,0.486000,0.236196,,,,,,0,0,0,0.000000
B,48,B-048,S4,4,T1496.004,Cloud Service Hijacking,Business Server OnCloud,0.180000,0.280000,2.000000,0.050400,0.100800,0.000840,0.100000,0.036000,0.000014,0.900000,0.324000,0.076528,0.000840,0.000014,0.076528,0.474943,Risk B,1,1,0,0.000000
B,49,B-049,S1,1,T1190,Exploit Public-Facing Application,VDI AuthServer,0.900000,0.460000,1.500000,0.414000,0.621000,0.621000,0.100000,0.135000,0.135000,0.900000,1.000000,1.000000,,,,,,0,1,1,0.000000
B,49,B-049,S2,2,T1578.004,Revert Cloud Instance,VDI AuthServer,0.180000,0.280000,1.500000,0.050400,0.075600,0.046948,0.100000,0.027000,0.003645,0.900000,0.243000,0.243000,,,,,,0,1,0,0.000000
B,49,B-049,S3,3,T1059.009,Cloud API,VDI Server,0.360000,0.100000,1.500000,0.036000,0.054000,0.002535,0.100000,0.054000,0.000197,0.900000,0.486000,0.118098,,,,,,0,0,0,0.000000
B,49,B-049,S4,4,T1486,Data Encrypted for Impact,Business Server OnCloud,0.900000,0.100000,2.000000,0.090000,0.180000,0.000456,0.100000,0.180000,0.000035,0.900000,1.000000,0.118098,0.000456,0.000035,0.118098,0.315059,Risk C,0,0,0,0.000000
B,50,B-050,S1,1,T1190,Exploit Public-Facing Application,VDI AuthServer,0.900000,0.460000,1.500000,0.414000,0.621000,0.621000,0.100000,0.135000,0.135000,0.900000,1.000000,1.000000,,,,,,0,1,1,0.000000
B,50,B-050,S2,2,T1578.004,Revert Cloud Instance,VDI AuthServer,0.180000,0.280000,1.500000,0.050400,0.075600,0.046948,0.100000,0.027000,0.003645,0.900000,0.243000,0.243000,,,,,,0,1,0,0.000000
B,50,B-050,S3,3,T1059.009,Cloud API,VDI Server,0.360000,0.100000,1.500000,0.036000,0.054000,0.002535,0.100000,0.054000,0.000197,0.900000,0.486000,0.118098,,,,,,0,0,0,0.000000
B,50,B-050,S4,4,T1496.001,Compute Hijacking,Business Server OnCloud,0.720000,0.280000,2.000000,0.201600,0.403200,0.001022,0.100000,0.144000,0.000028,0.900000,1.000000,0.118098,0.001022,0.000028,0.118098,0.430156,Risk B,1,1,1,0.000000
B,51,B-051,S1,1,T1190,Exploit Public-Facing Application,VDI AuthServer,0.900000,0.460000,1.500000,0.414000,0.621000,0.621000,0.100000,0.135000,0.135000,0.900000,1.000000,1.000000,,,,,,0,1,1,0.000000
B,51,B-051,S2,2,T1578.004,Revert Cloud Instance,VDI AuthServer,0.180000,0.280000,1.500000,0.050400,0.075600,0.046948,0.100000,0.027000,0.003645,0.900000,0.243000,0.243000,,,,,,0,1,0,0.000000
B,51,B-051,S3,3,T1059.009,Cloud API,VDI Server,0.360000,0.100000,1.500000,0.036000,0.054000,0.002535,0.100000,0.054000,0.000197,0.900000,0.486000,0.118098,,,,,,0,0,0,0.000000
B,51,B-051,S4,4,T1496.002,Bandwidth Hijacking,Business Server OnCloud,0.180000,0.280000,2.000000,0.050400,0.100800,0.000256,0.100000,0.036000,0.000007,0.900000,0.324000,0.038264,0.000256,0.000007,0.038264,0.417178,Risk B,1,1,0,0.000000
B,52,B-052,S1,1,T1190,Exploit Public-Facing Application,VDI AuthServer,0.900000,0.460000,1.500000,0.414000,0.621000,0.621000,0.100000,0.135000,0.135000,0.900000,1.000000,1.000000,,,,,,0,1,1,0.000000
B,52,B-052,S2,2,T1578.004,Revert Cloud Instance,VDI AuthServer,0.180000,0.280000,1.500000,0.050400,0.075600,0.046948,0.100000,0.027000,0.003645,0.900000,0.243000,0.243000,,,,,,0,1,0,0.000000
B,52,B-052,S3,3,T1059.009,Cloud API,VDI Server,0.360000,0.100000,1.500000,0.036000,0.054000,0.002535,0.100000,0.054000,0.000197,0.900000,0.486000,0.118098,,,,,,0,0,0,0.000000
B,52,B-052,S4,4,T1496.004,Cloud Service Hijacking,Business Server OnCloud,0.180000,0.280000,2.000000,0.050400,0.100800,0.000256,0.100000,0.036000,0.000007,0.900000,0.324000,0.038264,0.000256,0.000007,0.038264,0.417178,Risk B,1,1,0,0.000000
B,53,B-053,S1,1,T1190,Exploit Public-Facing Application,VDI AuthServer,0.900000,0.460000,1.500000,0.414000,0.621000,0.621000,0.100000,0.135000,0.135000,0.900000,1.000000,1.000000,,,,,,0,1,1,0.000000
B,53,B-053,S2,2,T1578.004,Revert Cloud Instance,VDI AuthServer,0.180000,0.280000,1.500000,0.050400,0.075600,0.046948,0.100000,0.027000,0.003645,0.900000,0.243000,0.243000,,,,,,0,1,0,0.000000
B,53,B-053,S3,3,T1484.002,Trust Modification,VDI Server,0.360000,0.100000,1.500000,0.036000,0.054000,0.002535,0.100000,0.054000,0.000197,0.900000,0.486000,0.118098,,,,,,0,0,0,0.000000
B,53,B-053,S4,4,T1486,Data Encrypted for Impact,Business Server OnCloud,0.900000,0.100000,2.000000,0.090000,0.180000,0.000456,0.100000,0.180000,0.000035,0.900000,1.000000,0.118098,0.000456,0.000035,0.118098,0.315059,Risk C,0,0,0,0.000000
B,54,B-054,S1,1,T1190,Exploit Public-Facing Application,VDI AuthServer,0.900000,0.460000,1.500000,0.414000,0.621000,0.621000,0.100000,0.135000,0.135000,0.900000,1.000000,1.000000,,,,,,0,1,1,0.000000
B,54,B-054,S2,2,T1578.004,Revert Cloud Instance,VDI AuthServer,0.180000,0.280000,1.500000,0.050400,0.075600,0.046948,0.100000,0.027000,0.003645,0.900000,0.243000,0.243000,,,,,,0,1,0,0.000000
B,54,B-054,S3,3,T1484.002,Trust Modification,VDI Server,0.360000,0.100000,1.500000,0.036000,0.054000,0.002535,0.100000,0.054000,0.000197,0.900000,0.486000,0.118098,,,,,,0,0,0,0.000000
B,54,B-054,S4,4,T1496.001,Compute Hijacking,Business Server OnCloud,0.720000,0.280000,2.000000,0.201600,0.403200,0.001022,0.100000,0.144000,0.000028,0.900000,1.000000,0.118098,0.001022,0.000028,0.118098,0.430156,Risk B,1,1,1,0.000000
B,55,B-055,S1,1,T1190,Exploit Public-Facing Application,VDI AuthServer,0.900000,0.460000,1.500000,0.414000,0.621000,0.621000,0.100000,0.135000,0.135000,0.900000,1.000000,1.000000,,,,,,0,1,1,0.000000
B,55,B-055,S2,2,T1578.004,Revert Cloud Instance,VDI AuthServer,0.180000,0.280000,1.500000,0.050400,0.075600,0.046948,0.100000,0.027000,0.003645,0.900000,0.243000,0.243000,,,,,,0,1,0,0.000000
B,55,B-055,S3,3,T1484.002,Trust Modification,VDI Server,0.360000,0.100000,1.500000,0.036000,0.054000,0.002535,0.100000,0.054000,0.000197,0.900000,0.486000,0.118098,,,,,,0,0,0,0.000000
B,55,B-055,S4,4,T1496.002,Bandwidth Hijacking,Business Server OnCloud,0.180000,0.280000,2.000000,0.050400,0.100800,0.000256,0.100000,0.036000,0.000007,0.900000,0.324000,0.038264,0.000256,0.000007,0.038264,0.417178,Risk B,1,1,0,0.000000
B,56,B-056,S1,1,T1190,Exploit Public-Facing Application,VDI AuthServer,0.900000,0.460000,1.500000,0.414000,0.621000,0.621000,0.100000,0.135000,0.135000,0.900000,1.000000,1.000000,,,,,,0,1,1,0.000000
B,56,B-056,S2,2,T1578.004,Revert Cloud Instance,VDI AuthServer,0.180000,0.280000,1.500000,0.050400,0.075600,0.046948,0.100000,0.027000,0.003645,0.900000,0.243000,0.243000,,,,,,0,1,0,0.000000
B,56,B-056,S3,3,T1484.002,Trust Modification,VDI Server,0.360000,0.100000,1.500000,0.036000,0.054000,0.002535,0.100000,0.054000,0.000197,0.900000,0.486000,0.118098,,,,,,0,0,0,0.000000
B,56,B-056,S4,4,T1496.004,Cloud Service Hijacking,Business Server OnCloud,0.180000,0.280000,2.000000,0.050400,0.100800,0.000256,0.100000,0.036000,0.000007,0.900000,0.324000,0.038264,0.000256,0.000007,0.038264,0.417178,Risk B,1,1,0,0.000000
B,57,B-057,S1,1,T1190,Exploit Public-Facing Application,VDI AuthServer,0.900000,0.460000,1.500000,0.414000,0.621000,0.621000,0.100000,0.135000,0.135000,0.900000,1.000000,1.000000,,,,,,0,1,1,0.000000
B,57,B-057,S2,2,T1578.004,Revert Cloud Instance,VDI AuthServer,0.180000,0.280000,1.500000,0.050400,0.075600,0.046948,0.100000,0.027000,0.003645,0.900000,0.243000,0.243000,,,,,,0,1,0,0.000000
B,57,B-057,S3,3,T1555.006,Cloud Secrets Management Stores,VDI Server,0.360000,0.100000,1.500000,0.036000,0.054000,0.002535,0.100000,0.054000,0.000197,0.900000,0.486000,0.118098,,,,,,0,0,0,0.000000
B,57,B-057,S4,4,T1486,Data Encrypted for Impact,Business Server OnCloud,0.900000,0.100000,2.000000,0.090000,0.180000,0.000456,0.100000,0.180000,0.000035,0.900000,1.000000,0.118098,0.000456,0.000035,0.118098,0.315059,Risk C,0,0,0,0.000000
B,58,B-058,S1,1,T1190,Exploit Public-Facing Application,VDI AuthServer,0.900000,0.460000,1.500000,0.414000,0.621000,0.621000,0.100000,0.135000,0.135000,0.900000,1.000000,1.000000,,,,,,0,1,1,0.000000
B,58,B-058,S2,2,T1578.004,Revert Cloud Instance,VDI AuthServer,0.180000,0.280000,1.500000,0.050400,0.075600,0.046948,0.100000,0.027000,0.003645,0.900000,0.243000,0.243000,,,,,,0,1,0,0.000000
B,58,B-058,S3,3,T1555.006,Cloud Secrets Management Stores,VDI Server,0.360000,0.100000,1.500000,0.036000,0.054000,0.002535,0.100000,0.054000,0.000197,0.900000,0.486000,0.118098,,,,,,0,0,0,0.000000
B,58,B-058,S4,4,T1496.001,Compute Hijacking,Business Server OnCloud,0.720000,0.280000,2.000000,0.201600,0.403200,0.001022,0.100000,0.144000,0.000028,0.900000,1.000000,0.118098,0.001022,0.000028,0.118098,0.430156,Risk B,1,1,1,0.000000
B,59,B-059,S1,1,T1190,Exploit Public-Facing Application,VDI AuthServer,0.900000,0.460000,1.500000,0.414000,0.621000,0.621000,0.100000,0.135000,0.135000,0.900000,1.000000,1.000000,,,,,,0,1,1,0.000000
B,59,B-059,S2,2,T1578.004,Revert Cloud Instance,VDI AuthServer,0.180000,0.280000,1.500000,0.050400,0.075600,0.046948,0.100000,0.027000,0.003645,0.900000,0.243000,0.243000,,,,,,0,1,0,0.000000
B,59,B-059,S3,3,T1555.006,Cloud Secrets Management Stores,VDI Server,0.360000,0.100000,1.500000,0.036000,0.054000,0.002535,0.100000,0.054000,0.000197,0.900000,0.486000,0.118098,,,,,,0,0,0,0.000000
B,59,B-059,S4,4,T1496.002,Bandwidth Hijacking,Business Server OnCloud,0.180000,0.280000,2.000000,0.050400,0.100800,0.000256,0.100000,0.036000,0.000007,0.900000,0.324000,0.038264,0.000256,0.000007,0.038264,0.417178,Risk B,1,1,0,0.000000
B,60,B-060,S1,1,T1190,Exploit Public-Facing Application,VDI AuthServer,0.900000,0.460000,1.500000,0.414000,0.621000,0.621000,0.100000,0.135000,0.135000,0.900000,1.000000,1.000000,,,,,,0,1,1,0.000000
B,60,B-060,S2,2,T1578.004,Revert Cloud Instance,VDI AuthServer,0.180000,0.280000,1.500000,0.050400,0.075600,0.046948,0.100000,0.027000,0.003645,0.900000,0.243000,0.243000,,,,,,0,1,0,0.000000
B,60,B-060,S3,3,T1555.006,Cloud Secrets Management Stores,VDI Server,0.360000,0.100000,1.500000,0.036000,0.054000,0.002535,0.100000,0.054000,0.000197,0.900000,0.486000,0.118098,,,,,,0,0,0,0.000000
B,60,B-060,S4,4,T1496.004,Cloud Service Hijacking,Business Server OnCloud,0.180000,0.280000,2.000000,0.050400,0.100800,0.000256,0.100000,0.036000,0.000007,0.900000,0.324000,0.038264,0.000256,0.000007,0.038264,0.417178,Risk B,1,1,0,0.000000
B,61,B-061,S1,1,T1190,Exploit Public-Facing Application,VDI AuthServer,0.900000,0.460000,1.500000,0.414000,0.621000,0.621000,0.100000,0.135000,0.135000,0.900000,1.000000,1.000000,,,,,,0,1,1,0.000000
B,61,B-061,S2,2,T1578.004,Revert Cloud Instance,VDI AuthServer,0.180000,0.280000,1.500000,0.050400,0.075600,0.046948,0.100000,0.027000,0.003645,0.900000,0.243000,0.243000,,,,,,0,1,0,0.000000
B,61,B-061,S3,3,T1651,Cloud Administration Command,VDI Server,0.360000,0.100000,1.500000,0.036000,0.054000,0.002535,0.100000,0.054000,0.000197,0.900000,0.486000,0.118098,,,,,,0,0,0,0.000000
B,61,B-061,S4,4,T1486,Data Encrypted for Impact,Business Server OnCloud,0.900000,0.100000,2.000000,0.090000,0.180000,0.000456,0.100000,0.180000,0.000035,0.900000,1.000000,0.118098,0.000456,0.000035,0.118098,0.315059,Risk C,0,0,0,0.000000
B,62,B-062,S1,1,T1190,Exploit Public-Facing Application,VDI AuthServer,0.900000,0.460000,1.500000,0.414000,0.621000,0.621000,0.100000,0.135000,0.135000,0.900000,1.000000,1.000000,,,,,,0,1,1,0.000000
B,62,B-062,S2,2,T1578.004,Revert Cloud Instance,VDI AuthServer,0.180000,0.280000,1.500000,0.050400,0.075600,0.046948,0.100000,0.027000,0.003645,0.900000,0.243000,0.243000,,,,,,0,1,0,0.000000
B,62,B-062,S3,3,T1651,Cloud Administration Command,VDI Server,0.360000,0.100000,1.500000,0.036000,0.054000,0.002535,0.100000,0.054000,0.000197,0.900000,0.486000,0.118098,,,,,,0,0,0,0.000000
B,62,B-062,S4,4,T1496.001,Compute Hijacking,Business Server OnCloud,0.720000,0.280000,2.000000,0.201600,0.403200,0.001022,0.100000,0.144000,0.000028,0.900000,1.000000,0.118098,0.001022,0.000028,0.118098,0.430156,Risk B,1,1,1,0.000000
B,63,B-063,S1,1,T1190,Exploit Public-Facing Application,VDI AuthServer,0.900000,0.460000,1.500000,0.414000,0.621000,0.621000,0.100000,0.135000,0.135000,0.900000,1.000000,1.000000,,,,,,0,1,1,0.000000
B,63,B-063,S2,2,T1578.004,Revert Cloud Instance,VDI AuthServer,0.180000,0.280000,1.500000,0.050400,0.075600,0.046948,0.100000,0.027000,0.003645,0.900000,0.243000,0.243000,,,,,,0,1,0,0.000000
B,63,B-063,S3,3,T1651,Cloud Administration Command,VDI Server,0.360000,0.100000,1.500000,0.036000,0.054000,0.002535,0.100000,0.054000,0.000197,0.900000,0.486000,0.118098,,,,,,0,0,0,0.000000
B,63,B-063,S4,4,T1496.002,Bandwidth Hijacking,Business Server OnCloud,0.180000,0.280000,2.000000,0.050400,0.100800,0.000256,0.100000,0.036000,0.000007,0.900000,0.324000,0.038264,0.000256,0.000007,0.038264,0.417178,Risk B,1,1,0,0.000000
B,64,B-064,S1,1,T1190,Exploit Public-Facing Application,VDI AuthServer,0.900000,0.460000,1.500000,0.414000,0.621000,0.621000,0.100000,0.135000,0.135000,0.900000,1.000000,1.000000,,,,,,0,1,1,0.000000
B,64,B-064,S2,2,T1578.004,Revert Cloud Instance,VDI AuthServer,0.180000,0.280000,1.500000,0.050400,0.075600,0.046948,0.100000,0.027000,0.003645,0.900000,0.243000,0.243000,,,,,,0,1,0,0.000000
B,64,B-064,S3,3,T1651,Cloud Administration Command,VDI Server,0.360000,0.100000,1.500000,0.036000,0.054000,0.002535,0.100000,0.054000,0.000197,0.900000,0.486000,0.118098,,,,,,0,0,0,0.000000
B,64,B-064,S4,4,T1496.004,Cloud Service Hijacking,Business Server OnCloud,0.180000,0.280000,2.000000,0.050400,0.100800,0.000256,0.100000,0.036000,0.000007,0.900000,0.324000,0.038264,0.000256,0.000007,0.038264,0.417178,Risk B,1,1,0,0.000000
